Messpunkt,Typ,SIM Anbieter,SIM Mobile Country Code,SIM Mobile Network Code,Netzwerk Anbieter,Netzwerk Mobile Country Code,Netzwerk Mobile Network Code,Cell-ID,Physical-Cell-ID,Cell-LAC/TAC,Signalst채rke (RSSI) [dBm],Signalst채rke (RSRP) [dBm],Signalqualit채t (RSRQ) [dBm],Frequenzkanalnummer,Breitengrad,L채ngengrad,Genauigkeit [m],Datum,Uhrzeit,Version,Betriebssystem,Smartphone Typ,Test-ID
1,5G,o2 - de,262,07,o2 - de,262,03,13971494,131,35274,-101,-101,-8,300,52.2975099,7.6085161,46,10.06.25,08:47:01,2.7.0,Android 15,Google Pixel 7a,1749537992171
2,5G,o2 - de,262,07,o2 - de,262,03,13971494,131,35274,-107,-107,-8,300,52.2976452,7.6095329,27,10.06.25,08:47:03,2.7.0,Android 15,Google Pixel 7a,1749537992171
3,5G,o2 - de,262,07,o2 - de,262,03,13971494,131,35274,-107,-107,-8,300,52.2977785,7.6104362,17,10.06.25,08:47:05,2.7.0,Android 15,Google Pixel 7a,1749537992171
4,5G,o2 - de,262,07,o2 - de,262,03,13971494,131,35274,-113,-113,-9,300,52.297888,7.6114012,13,10.06.25,08:47:07,2.7.0,Android 15,Google Pixel 7a,1749537992171
5,5G,o2 - de,262,07,o2 - de,262,03,13971494,131,35274,-113,-113,-9,300,52.2979923,7.6123587,12,10.06.25,08:47:09,2.7.0,Android 15,Google Pixel 7a,1749537992171
6,5G,o2 - de,262,07,o2 - de,262,03,13971494,131,35274,-113,-113,-9,300,52.2981038,7.6133401,11,10.06.25,08:47:11,2.7.0,Android 15,Google Pixel 7a,1749537992171
7,5G,o2 - de,262,07,o2 - de,262,03,13971494,131,35274,-119,-119,-10,300,52.2982135,7.6143319,11,10.06.25,08:47:13,2.7.0,Android 15,Google Pixel 7a,1749537992171
8,5G,o2 - de,262,07,o2 - de,262,03,13971494,131,35274,-119,-119,-10,300,52.2983214,7.6153518,11,10.06.25,08:47:15,2.7.0,Android 15,Google Pixel 7a,1749537992171
9,5G,o2 - de,262,07,o2 - de,262,03,13971494,131,35274,-117,-117,-13,300,52.2984259,7.6164151,11,10.06.25,08:47:17,2.7.0,Android 15,Google Pixel 7a,1749537992171
10,5G,o2 - de,262,07,o2 - de,262,03,13971494,131,35274,-117,-117,-13,300,52.2985372,7.6175101,11,10.06.25,08:47:19,2.7.0,Android 15,Google Pixel 7a,1749537992171
11,5G,o2 - de,262,07,o2 - de,262,03,13971494,131,35274,-117,-117,-13,300,52.2986461,7.6186245,11,10.06.25,08:47:21,2.7.0,Android 15,Google Pixel 7a,1749537992171
12,5G,o2 - de,262,07,o2 - de,262,03,13971494,131,35274,-116,-116,-8,300,52.2987547,7.6197524,10,10.06.25,08:47:23,2.7.0,Android 15,Google Pixel 7a,1749537992171
13,5G,o2 - de,262,07,o2 - de,262,03,13971494,131,35274,-116,-116,-8,300,52.2988557,7.6208654,9,10.06.25,08:47:25,2.7.0,Android 15,Google Pixel 7a,1749537992171
14,5G,o2 - de,262,07,o2 - de,262,03,13971494,131,35274,-117,-117,-10,300,52.2989409,7.62196,9,10.06.25,08:47:27,2.7.0,Android 15,Google Pixel 7a,1749537992171
15,5G,o2 - de,262,07,o2 - de,262,03,13971494,131,35274,-117,-117,-10,300,52.2990078,7.623068,9,10.06.25,08:47:29,2.7.0,Android 15,Google Pixel 7a,1749537992171
16,5G,o2 - de,262,07,o2 - de,262,03,13971494,131,35274,-117,-117,-10,300,52.2990583,7.6241511,9,10.06.25,08:47:31,2.7.0,Android 15,Google Pixel 7a,1749537992171
17,5G,o2 - de,262,07,o2 - de,262,03,13971494,131,35274,-119,-119,-10,300,52.2991079,7.6252264,10,10.06.25,08:47:33,2.7.0,Android 15,Google Pixel 7a,1749537992171
18,5G,o2 - de,262,07,o2 - de,262,03,13971494,131,35274,-120,-120,-11,300,52.2991547,7.6262792,10,10.06.25,08:47:35,2.7.0,Android 15,Google Pixel 7a,1749537992171
19,5G,o2 - de,262,07,o2 - de,262,03,13971494,131,35274,-119,-119,-10,300,52.2992442,7.6273891,11,10.06.25,08:47:37,2.7.0,Android 15,Google Pixel 7a,1749537992171
20,5G,o2 - de,262,07,o2 - de,262,03,13971494,131,35274,-123,-123,-12,300,52.2993808,7.6284996,11,10.06.25,08:47:39,2.7.0,Android 15,Google Pixel 7a,1749537992171
21,5G,o2 - de,262,07,o2 - de,262,03,13971494,131,35274,-128,-128,-16,300,52.2995162,7.6295665,11,10.06.25,08:47:41,2.7.0,Android 15,Google Pixel 7a,1749537992171
22,5G,o2 - de,262,07,o2 - de,262,03,12887573,51,35274,-122,-122,-12,6200,52.299641,7.6306211,11,10.06.25,08:47:43,2.7.0,Android 15,Google Pixel 7a,1749537992171
23,5G,o2 - de,262,07,o2 - de,262,03,12887573,51,35274,-122,-122,-12,6200,52.2997503,7.6316725,11,10.06.25,08:47:45,2.7.0,Android 15,Google Pixel 7a,1749537992171
24,5G,o2 - de,262,07,o2 - de,262,03,12887573,51,35274,-121,-121,-15,6200,52.2998662,7.6327072,10,10.06.25,08:47:47,2.7.0,Android 15,Google Pixel 7a,1749537992171
25,5G,o2 - de,262,07,o2 - de,262,03,12887573,51,35274,-121,-121,-15,6200,52.2999899,7.6337938,9,10.06.25,08:47:49,2.7.0,Android 15,Google Pixel 7a,1749537992171
26,5G,o2 - de,262,07,o2 - de,262,03,12887573,51,35274,-122,-122,-16,6200,52.3001124,7.6348962,9,10.06.25,08:47:51,2.7.0,Android 15,Google Pixel 7a,1749537992171
27,5G,o2 - de,262,07,o2 - de,262,03,12887573,51,35274,-117,-117,-14,6200,52.3002314,7.635979,9,10.06.25,08:47:53,2.7.0,Android 15,Google Pixel 7a,1749537992171
28,5G,o2 - de,262,07,o2 - de,262,03,12887573,51,35274,-117,-117,-14,6200,52.3003378,7.6370416,9,10.06.25,08:47:55,2.7.0,Android 15,Google Pixel 7a,1749537992171
29,5G,o2 - de,262,07,o2 - de,262,03,11016963,14,14960,-121,-121,-15,6200,52.3004404,7.6380654,9,10.06.25,08:47:57,2.7.0,Android 15,Google Pixel 7a,1749537992171
30,4G,o2 - de,262,07,o2 - de,262,03,11016963,14,14960,-121,-121,-15,6200,52.3005414,7.6391097,9,10.06.25,08:47:59,2.7.0,Android 15,Google Pixel 7a,1749537992171
31,4G,o2 - de,262,07,o2 - de,262,03,11016963,14,14960,-114,-114,-14,6200,52.3006367,7.6400985,9,10.06.25,08:48:01,2.7.0,Android 15,Google Pixel 7a,1749537992171
32,4G,o2 - de,262,07,o2 - de,262,03,11016963,14,14960,-112,-112,-14,6200,52.3007257,7.6410758,10,10.06.25,08:48:03,2.7.0,Android 15,Google Pixel 7a,1749537992171
33,5G,o2 - de,262,07,o2 - de,262,03,11016963,14,14960,-112,-112,-14,6200,52.3007921,7.6420045,10,10.06.25,08:48:05,2.7.0,Android 15,Google Pixel 7a,1749537992171
34,5G,o2 - de,262,07,o2 - de,262,03,12887573,51,35274,-111,-111,-14,6200,52.3008613,7.6429378,10,10.06.25,08:48:07,2.7.0,Android 15,Google Pixel 7a,1749537992171
35,5G,o2 - de,262,07,o2 - de,262,03,12887573,51,35274,-111,-111,-14,6200,52.3009086,7.64385,10,10.06.25,08:48:09,2.7.0,Android 15,Google Pixel 7a,1749537992171
36,4G,o2 - de,262,07,o2 - de,262,03,11016963,14,14960,-108,-108,-12,6200,52.3009212,7.6447307,9,10.06.25,08:48:11,2.7.0,Android 15,Google Pixel 7a,1749537992171
37,5G,o2 - de,262,07,o2 - de,262,03,12887573,51,35274,-115,-115,-15,6200,52.3009048,7.6455828,9,10.06.25,08:48:13,2.7.0,Android 15,Google Pixel 7a,1749537992171
38,5G,o2 - de,262,07,o2 - de,262,03,12887573,51,35274,-117,-117,-15,6200,52.3008686,7.6464023,9,10.06.25,08:48:15,2.7.0,Android 15,Google Pixel 7a,1749537992171
39,5G,o2 - de,262,07,o2 - de,262,03,12887573,51,35274,-117,-117,-15,6200,52.300832,7.6472101,9,10.06.25,08:48:17,2.7.0,Android 15,Google Pixel 7a,1749537992171
40,5G,o2 - de,262,07,o2 - de,262,03,12887573,51,35274,-118,-118,-15,6200,52.3008022,7.6480117,9,10.06.25,08:48:19,2.7.0,Android 15,Google Pixel 7a,1749537992171
41,5G,o2 - de,262,07,o2 - de,262,03,12887573,51,35274,-115,-115,-16,6200,52.3007702,7.6487947,10,10.06.25,08:48:21,2.7.0,Android 15,Google Pixel 7a,1749537992171
42,5G,o2 - de,262,07,o2 - de,262,03,12887573,51,35274,-115,-115,-14,6200,52.3007054,7.6498292,10,10.06.25,08:48:24,2.7.0,Android 15,Google Pixel 7a,1749537992171
43,5G,o2 - de,262,07,o2 - de,262,03,13971494,14,35274,-113,-113,-,6200,52.3006131,7.6507392,10,10.06.25,08:48:27,2.7.0,Android 15,Google Pixel 7a,1749537992171
44,4G,o2 - de,262,07,o2 - de,262,03,11016963,14,14960,-110,-110,-11,6200,52.3005007,7.6515546,10,10.06.25,08:48:30,2.7.0,Android 15,Google Pixel 7a,1749537992171
45,4G,o2 - de,262,07,o2 - de,262,03,11016961,12,14960,-108,-108,-6,6200,52.300392,7.6522861,9,10.06.25,08:48:33,2.7.0,Android 15,Google Pixel 7a,1749537992171
46,4G,o2 - de,262,07,o2 - de,262,03,11016961,12,14960,-110,-110,-13,6200,52.300281,7.6531038,9,10.06.25,08:48:37,2.7.0,Android 15,Google Pixel 7a,1749537992171
47,4G,o2 - de,262,07,o2 - de,262,03,11016961,12,14960,-109,-109,-13,6200,52.300168,7.6538833,9,10.06.25,08:48:42,2.7.0,Android 15,Google Pixel 7a,1749537992171
48,4G,o2 - de,262,07,o2 - de,262,03,11016961,12,14960,-108,-108,-10,6200,52.3000828,7.6544419,9,10.06.25,08:48:46,2.7.0,Android 15,Google Pixel 7a,1749537992171
49,4G,o2 - de,262,07,o2 - de,262,03,11016961,12,14960,-99,-99,-12,6200,52.3000116,7.65489,10,10.06.25,08:48:50,2.7.0,Android 15,Google Pixel 7a,1749537992171
50,4G,o2 - de,262,07,o2 - de,262,03,11016985,144,14960,-104,-104,-8,1600,52.2999413,7.6552716,10,10.06.25,08:48:54,2.7.0,Android 15,Google Pixel 7a,1749537992171
51,4G,o2 - de,262,07,o2 - de,262,03,11016985,144,14960,-96,-96,-7,1600,52.2998541,7.6556695,10,10.06.25,08:48:59,2.7.0,Android 15,Google Pixel 7a,1749537992171
52,4G,o2 - de,262,07,o2 - de,262,03,11016985,144,14960,-94,-94,-9,1600,52.2998176,7.6558394,10,10.06.25,08:49:03,2.7.0,Android 15,Google Pixel 7a,1749537992171
53,4G,o2 - de,262,07,o2 - de,262,03,11016985,144,14960,-96,-96,-6,1600,52.2997608,7.655985,8,10.06.25,08:49:43,2.7.0,Android 15,Google Pixel 7a,1749537992171
54,4G,o2 - de,262,07,o2 - de,262,03,11016985,144,14960,-100,-100,-7,1600,52.2996912,7.6563366,8,10.06.25,08:49:47,2.7.0,Android 15,Google Pixel 7a,1749537992171
55,4G,o2 - de,262,07,o2 - de,262,03,11016985,144,14960,-98,-98,-6,1600,52.2995828,7.6567756,8,10.06.25,08:49:51,2.7.0,Android 15,Google Pixel 7a,1749537992171
56,4G,o2 - de,262,07,o2 - de,262,03,11016985,144,14960,-98,-98,-8,1600,52.2993856,7.6575535,8,10.06.25,08:49:56,2.7.0,Android 15,Google Pixel 7a,1749537992171
57,4G,o2 - de,262,07,o2 - de,262,03,11016985,144,14960,-102,-102,-11,1600,52.2992038,7.6583083,8,10.06.25,08:50:00,2.7.0,Android 15,Google Pixel 7a,1749537992171
58,4G,o2 - de,262,07,o2 - de,262,03,11016985,144,14960,-103,-103,-7,1600,52.2989818,7.6592167,9,10.06.25,08:50:04,2.7.0,Android 15,Google Pixel 7a,1749537992171
59,4G,o2 - de,262,07,o2 - de,262,03,11016985,144,14960,-102,-102,-8,1600,52.2987901,7.6600522,9,10.06.25,08:50:07,2.7.0,Android 15,Google Pixel 7a,1749537992171
60,4G,o2 - de,262,07,o2 - de,262,03,11016985,144,14960,-105,-105,-7,1600,52.2985654,7.6609882,9,10.06.25,08:50:10,2.7.0,Android 15,Google Pixel 7a,1749537992171
61,4G,o2 - de,262,07,o2 - de,262,03,11016985,144,14960,-104,-104,-7,1600,52.2983209,7.6619929,8,10.06.25,08:50:13,2.7.0,Android 15,Google Pixel 7a,1749537992171
62,4G,o2 - de,262,07,o2 - de,262,03,11016985,144,14960,-110,-110,-9,1600,52.2981494,7.6626931,8,10.06.25,08:50:15,2.7.0,Android 15,Google Pixel 7a,1749537992171
63,4G,o2 - de,262,07,o2 - de,262,03,11016961,12,14960,-111,-111,-13,6200,52.297967,7.6634404,8,10.06.25,08:50:17,2.7.0,Android 15,Google Pixel 7a,1749537992171
64,4G,o2 - de,262,07,o2 - de,262,03,11016961,12,14960,-111,-111,-13,6200,52.2977839,7.6641827,8,10.06.25,08:50:19,2.7.0,Android 15,Google Pixel 7a,1749537992171
65,4G,o2 - de,262,07,o2 - de,262,03,11016961,12,14960,-111,-111,-13,6200,52.2976006,7.6649168,8,10.06.25,08:50:21,2.7.0,Android 15,Google Pixel 7a,1749537992171
66,4G,o2 - de,262,07,o2 - de,262,03,12887573,12,35274,-114,-114,-14,6200,52.2974141,7.6657015,9,10.06.25,08:50:23,2.7.0,Android 15,Google Pixel 7a,1749537992171
67,4G,o2 - de,262,07,o2 - de,262,03,12887593,93,35274,-115,-115,-10,1600,52.2971172,7.6669008,9,10.06.25,08:50:26,2.7.0,Android 15,Google Pixel 7a,1749537992171
68,4G,o2 - de,262,07,o2 - de,262,03,12887593,93,35274,-120,-120,-14,1600,52.2969182,7.6677412,9,10.06.25,08:50:28,2.7.0,Android 15,Google Pixel 7a,1749537992171
69,4G,o2 - de,262,07,o2 - de,262,03,12887593,93,35274,-112,-112,-10,1600,52.2966939,7.6685772,9,10.06.25,08:50:30,2.7.0,Android 15,Google Pixel 7a,1749537992171
70,4G,o2 - de,262,07,o2 - de,262,03,10661665,442,14960,-112,-112,-12,3500,52.2964726,7.6694341,10,10.06.25,08:50:32,2.7.0,Android 15,Google Pixel 7a,1749537992171
71,4G,o2 - de,262,07,o2 - de,262,03,10661665,442,14960,-112,-112,-12,3500,52.2962495,7.6703008,10,10.06.25,08:50:34,2.7.0,Android 15,Google Pixel 7a,1749537992171
72,4G,o2 - de,262,07,o2 - de,262,03,12887593,93,35274,-118,-118,-12,1600,52.2960173,7.6711857,10,10.06.25,08:50:36,2.7.0,Android 15,Google Pixel 7a,1749537992171
73,4G,o2 - de,262,07,o2 - de,262,03,12887593,93,35274,-118,-118,-12,1600,52.2957899,7.6720993,10,10.06.25,08:50:38,2.7.0,Android 15,Google Pixel 7a,1749537992171
74,4G,o2 - de,262,07,o2 - de,262,03,12887593,93,35274,-125,-125,-14,1600,52.2955675,7.6730066,11,10.06.25,08:50:40,2.7.0,Android 15,Google Pixel 7a,1749537992171
75,4G,o2 - de,262,07,o2 - de,262,03,10664193,123,14960,-111,-111,-12,6200,52.2952287,7.6743861,13,10.06.25,08:50:43,2.7.0,Android 15,Google Pixel 7a,1749537992171
76,4G,o2 - de,262,07,o2 - de,262,03,10664193,123,14960,-104,-104,-15,6200,52.2915887,7.6890914,33,10.06.25,08:51:15,2.7.0,Android 15,Google Pixel 7a,1749537992171
77,4G,o2 - de,262,07,o2 - de,262,03,10664193,123,14960,-108,-108,-12,6200,52.2913723,7.6899906,26,10.06.25,08:51:17,2.7.0,Android 15,Google Pixel 7a,1749537992171
78,4G,o2 - de,262,07,o2 - de,262,03,10664193,123,14960,-105,-105,-11,6200,52.2911446,7.6908697,21,10.06.25,08:51:19,2.7.0,Android 15,Google Pixel 7a,1749537992171
79,4G,o2 - de,262,07,o2 - de,262,03,10664217,276,14960,-109,-109,-10,1600,52.2909001,7.6917313,15,10.06.25,08:51:21,2.7.0,Android 15,Google Pixel 7a,1749537992171
80,4G,o2 - de,262,07,o2 - de,262,03,10664217,276,14960,-123,-123,-14,1600,52.290655,7.6925569,13,10.06.25,08:51:23,2.7.0,Android 15,Google Pixel 7a,1749537992171
81,4G,o2 - de,262,07,o2 - de,262,03,10664217,276,14960,-123,-123,-14,1600,52.2903863,7.6933915,12,10.06.25,08:51:25,2.7.0,Android 15,Google Pixel 7a,1749537992171
82,4G,o2 - de,262,07,o2 - de,262,03,10664217,276,14960,-101,-101,-8,1600,52.290104,7.6942432,11,10.06.25,08:51:27,2.7.0,Android 15,Google Pixel 7a,1749537992171
83,4G,o2 - de,262,07,o2 - de,262,03,10664217,276,14960,-98,-98,-7,1600,52.2898115,7.695061,11,10.06.25,08:51:29,2.7.0,Android 15,Google Pixel 7a,1749537992171
84,4G,o2 - de,262,07,o2 - de,262,03,10664217,276,14960,-98,-98,-7,1600,52.2895119,7.6958408,10,10.06.25,08:51:31,2.7.0,Android 15,Google Pixel 7a,1749537992171
85,4G,o2 - de,262,07,o2 - de,262,03,10661675,37,14960,-96,-96,-10,1600,52.2891948,7.6966023,10,10.06.25,08:51:33,2.7.0,Android 15,Google Pixel 7a,1749537992171
86,4G,o2 - de,262,07,o2 - de,262,03,10664217,276,14960,-107,-107,-10,1600,52.2888731,7.6973377,10,10.06.25,08:51:35,2.7.0,Android 15,Google Pixel 7a,1749537992171
87,4G,o2 - de,262,07,o2 - de,262,03,10661675,37,14960,-97,-97,-8,1600,52.2885468,7.6980673,10,10.06.25,08:51:37,2.7.0,Android 15,Google Pixel 7a,1749537992171
88,4G,o2 - de,262,07,o2 - de,262,03,10661675,37,14960,-103,-103,-13,1600,52.2882168,7.6988035,10,10.06.25,08:51:39,2.7.0,Android 15,Google Pixel 7a,1749537992171
89,4G,o2 - de,262,07,o2 - de,262,03,10661675,37,14960,-103,-103,-13,1600,52.2878924,7.6995332,10,10.06.25,08:51:41,2.7.0,Android 15,Google Pixel 7a,1749537992171
90,4G,o2 - de,262,07,o2 - de,262,03,10661675,37,14960,-105,-105,-8,1600,52.2875745,7.7002735,11,10.06.25,08:51:43,2.7.0,Android 15,Google Pixel 7a,1749537992171
91,4G,o2 - de,262,07,o2 - de,262,03,10661675,37,14960,-101,-101,-7,1600,52.2872528,7.7010204,12,10.06.25,08:51:45,2.7.0,Android 15,Google Pixel 7a,1749537992171
92,4G,o2 - de,262,07,o2 - de,262,03,10661675,37,14960,-104,-104,-9,1600,52.2869318,7.7017695,12,10.06.25,08:51:47,2.7.0,Android 15,Google Pixel 7a,1749537992171
93,4G,o2 - de,262,07,o2 - de,262,03,10661675,37,14960,-100,-100,-8,1600,52.2866173,7.7024979,13,10.06.25,08:51:49,2.7.0,Android 15,Google Pixel 7a,1749537992171
94,4G,o2 - de,262,07,o2 - de,262,03,10661675,37,14960,-99,-99,-8,1600,52.2863207,7.7032146,13,10.06.25,08:51:51,2.7.0,Android 15,Google Pixel 7a,1749537992171
95,4G,o2 - de,262,07,o2 - de,262,03,10661675,37,14960,-99,-99,-8,1600,52.2860233,7.703947,13,10.06.25,08:51:53,2.7.0,Android 15,Google Pixel 7a,1749537992171
96,4G,o2 - de,262,07,o2 - de,262,03,10661675,37,14960,-104,-104,-12,1600,52.2857349,7.7046607,13,10.06.25,08:51:55,2.7.0,Android 15,Google Pixel 7a,1749537992171
97,4G,o2 - de,262,07,o2 - de,262,03,10661673,38,14960,-83,-83,-11,1600,52.2854393,7.7053491,12,10.06.25,08:51:57,2.7.0,Android 15,Google Pixel 7a,1749537992171
98,4G,o2 - de,262,07,o2 - de,262,03,10661673,38,14960,-82,-82,-11,1600,52.2851455,7.7060106,11,10.06.25,08:51:59,2.7.0,Android 15,Google Pixel 7a,1749537992171
99,4G,o2 - de,262,07,o2 - de,262,03,10661673,38,14960,-82,-82,-11,1600,52.2848531,7.7066684,11,10.06.25,08:52:01,2.7.0,Android 15,Google Pixel 7a,1749537992171
100,4G,o2 - de,262,07,o2 - de,262,03,10661673,38,14960,-86,-86,-10,1600,52.2845661,7.7073107,10,10.06.25,08:52:03,2.7.0,Android 15,Google Pixel 7a,1749537992171
101,4G,o2 - de,262,07,o2 - de,262,03,10661673,38,14960,-95,-95,-7,1600,52.2842933,7.7079273,10,10.06.25,08:52:05,2.7.0,Android 15,Google Pixel 7a,1749537992171
102,4G,o2 - de,262,07,o2 - de,262,03,10661673,38,14960,-91,-91,-7,1600,52.2838971,7.7087997,10,10.06.25,08:52:08,2.7.0,Android 15,Google Pixel 7a,1749537992171
103,4G,o2 - de,262,07,o2 - de,262,03,10661673,38,14960,-105,-105,-9,1600,52.2834906,7.7096477,10,10.06.25,08:52:11,2.7.0,Android 15,Google Pixel 7a,1749537992171
104,4G,o2 - de,262,07,o2 - de,262,03,10661673,38,14960,-102,-102,-7,1600,52.2830687,7.7104516,10,10.06.25,08:52:14,2.7.0,Android 15,Google Pixel 7a,1749537992171
105,4G,o2 - de,262,07,o2 - de,262,03,10661673,38,14960,-103,-103,-9,1600,52.2826269,7.7112508,11,10.06.25,08:52:17,2.7.0,Android 15,Google Pixel 7a,1749537992171
106,4G,o2 - de,262,07,o2 - de,262,03,10661673,38,14960,-104,-104,-12,1600,52.2822096,7.7120044,11,10.06.25,08:52:20,2.7.0,Android 15,Google Pixel 7a,1749537992171
107,4G,o2 - de,262,07,o2 - de,262,03,10661673,38,14960,-108,-108,-12,1600,52.2818007,7.7127399,11,10.06.25,08:52:23,2.7.0,Android 15,Google Pixel 7a,1749537992171
108,4G,o2 - de,262,07,o2 - de,262,03,10661673,38,14960,-112,-112,-17,1600,52.2813966,7.7134683,12,10.06.25,08:52:26,2.7.0,Android 15,Google Pixel 7a,1749537992171
109,4G,o2 - de,262,07,o2 - de,262,03,10663467,165,14960,-108,-108,-10,1600,52.2810089,7.7141603,12,10.06.25,08:52:29,2.7.0,Android 15,Google Pixel 7a,1749537992171
110,4G,o2 - de,262,07,o2 - de,262,03,10663467,165,14960,-107,-107,-10,1600,52.2806273,7.7148352,12,10.06.25,08:52:32,2.7.0,Android 15,Google Pixel 7a,1749537992171
111,4G,o2 - de,262,07,o2 - de,262,03,10663467,165,14960,-106,-106,-9,1600,52.2802426,7.7154793,12,10.06.25,08:52:35,2.7.0,Android 15,Google Pixel 7a,1749537992171
112,4G,o2 - de,262,07,o2 - de,262,03,10663467,165,14960,-99,-99,-13,1600,52.2798712,7.7161063,13,10.06.25,08:52:38,2.7.0,Android 15,Google Pixel 7a,1749537992171
113,4G,o2 - de,262,07,o2 - de,262,03,10663467,165,14960,-96,-96,-9,1600,52.2795509,7.7166897,13,10.06.25,08:52:41,2.7.0,Android 15,Google Pixel 7a,1749537992171
114,4G,o2 - de,262,07,o2 - de,262,03,10663467,165,14960,-104,-104,-13,1600,52.279225,7.7172524,12,10.06.25,08:52:44,2.7.0,Android 15,Google Pixel 7a,1749537992171
115,4G,o2 - de,262,07,o2 - de,262,03,10663467,165,14960,-104,-104,-11,1600,52.2788962,7.7178271,11,10.06.25,08:52:47,2.7.0,Android 15,Google Pixel 7a,1749537992171
116,4G,o2 - de,262,07,o2 - de,262,03,10663467,165,14960,-97,-97,-9,1600,52.2785737,7.7183872,11,10.06.25,08:52:50,2.7.0,Android 15,Google Pixel 7a,1749537992171
117,4G,o2 - de,262,07,o2 - de,262,03,10663467,165,14960,-100,-100,-10,1600,52.2782384,7.718938,11,10.06.25,08:52:53,2.7.0,Android 15,Google Pixel 7a,1749537992171
118,4G,o2 - de,262,07,o2 - de,262,03,10663467,165,14960,-107,-107,-8,1600,52.2779189,7.7194804,11,10.06.25,08:52:56,2.7.0,Android 15,Google Pixel 7a,1749537992171
119,4G,o2 - de,262,07,o2 - de,262,03,10663467,165,14960,-103,-103,-10,1600,52.2775603,7.7201184,11,10.06.25,08:53:00,2.7.0,Android 15,Google Pixel 7a,1749537992171
120,4G,o2 - de,262,07,o2 - de,262,03,10663467,165,14960,-104,-104,-11,1600,52.2772617,7.7207098,12,10.06.25,08:53:04,2.7.0,Android 15,Google Pixel 7a,1749537992171
121,5G,o2 - de,262,07,o2 - de,262,03,10663465,167,14960,-101,-101,-8,1600,52.276928,7.7212631,13,10.06.25,08:53:09,2.7.0,Android 15,Google Pixel 7a,1749537992171
122,5G,o2 - de,262,07,o2 - de,262,03,10663465,167,14960,-106,-106,-10,1600,52.2767457,7.7216228,14,10.06.25,08:53:13,2.7.0,Android 15,Google Pixel 7a,1749537992171
123,5G,o2 - de,262,07,o2 - de,262,03,10663465,167,14960,-108,-108,-11,1600,52.2765884,7.721911,12,10.06.25,08:53:18,2.7.0,Android 15,Google Pixel 7a,1749537992171
124,5G,o2 - de,262,07,o2 - de,262,03,10663475,97,14960,-95,-95,-10,300,52.2765408,7.7220685,8,10.06.25,08:54:30,2.7.0,Android 15,Google Pixel 7a,1749537992171
125,5G,o2 - de,262,07,o2 - de,262,03,10663475,97,14960,-96,-96,-12,300,52.2763717,7.7224221,8,10.06.25,08:54:36,2.7.0,Android 15,Google Pixel 7a,1749537992171
126,5G,o2 - de,262,07,o2 - de,262,03,10663475,97,14960,-111,-111,-14,300,52.2762074,7.7227319,9,10.06.25,08:54:39,2.7.0,Android 15,Google Pixel 7a,1749537992171
127,5G,o2 - de,262,07,o2 - de,262,03,10663475,97,14960,-111,-111,-14,300,52.2759954,7.7231254,9,10.06.25,08:54:42,2.7.0,Android 15,Google Pixel 7a,1749537992171
128,5G,o2 - de,262,07,o2 - de,262,03,10663475,97,14960,-101,-101,-14,300,52.2756217,7.7237779,10,10.06.25,08:54:46,2.7.0,Android 15,Google Pixel 7a,1749537992171
129,5G,o2 - de,262,07,o2 - de,262,03,10663475,97,14960,-101,-101,-14,300,52.2752968,7.7243567,10,10.06.25,08:54:49,2.7.0,Android 15,Google Pixel 7a,1749537992171
130,5G,o2 - de,262,07,o2 - de,262,03,10663475,97,14960,-101,-101,-14,300,52.2749193,7.7250064,9,10.06.25,08:54:52,2.7.0,Android 15,Google Pixel 7a,1749537992171
131,5G,o2 - de,262,07,o2 - de,262,03,10663475,97,14960,-106,-106,-13,300,52.2745358,7.7257224,9,10.06.25,08:54:55,2.7.0,Android 15,Google Pixel 7a,1749537992171
132,5G,o2 - de,262,07,o2 - de,262,03,10663475,97,14960,-99,-99,-14,300,52.2741279,7.7264917,9,10.06.25,08:54:58,2.7.0,Android 15,Google Pixel 7a,1749537992171
133,5G,o2 - de,262,07,o2 - de,262,03,10663475,97,14960,-101,-101,-13,300,52.2737151,7.7273119,8,10.06.25,08:55:01,2.7.0,Android 15,Google Pixel 7a,1749537992171
134,5G,o2 - de,262,07,o2 - de,262,03,10663475,97,14960,-106,-106,-12,300,52.2734334,7.7278938,8,10.06.25,08:55:03,2.7.0,Android 15,Google Pixel 7a,1749537992171
135,5G,o2 - de,262,07,o2 - de,262,03,10663475,97,14960,-106,-106,-12,300,52.2731434,7.7285143,9,10.06.25,08:55:05,2.7.0,Android 15,Google Pixel 7a,1749537992171
136,5G,o2 - de,262,07,o2 - de,262,03,10663475,97,14960,-105,-105,-11,300,52.2728444,7.7291858,9,10.06.25,08:55:07,2.7.0,Android 15,Google Pixel 7a,1749537992171
137,5G,o2 - de,262,07,o2 - de,262,03,10663475,97,14960,-104,-104,-11,300,52.2725541,7.7299215,10,10.06.25,08:55:09,2.7.0,Android 15,Google Pixel 7a,1749537992171
138,5G,o2 - de,262,07,o2 - de,262,03,10663475,97,14960,-107,-107,-10,300,52.2722853,7.7306594,10,10.06.25,08:55:11,2.7.0,Android 15,Google Pixel 7a,1749537992171
139,5G,o2 - de,262,07,o2 - de,262,03,10663475,97,14960,-105,-105,-13,300,52.2720366,7.7314032,10,10.06.25,08:55:13,2.7.0,Android 15,Google Pixel 7a,1749537992171
140,5G,o2 - de,262,07,o2 - de,262,03,10663475,97,14960,-105,-105,-13,300,52.2718096,7.7321358,10,10.06.25,08:55:15,2.7.0,Android 15,Google Pixel 7a,1749537992171
141,5G,o2 - de,262,07,o2 - de,262,03,10663475,97,14960,-107,-107,-12,300,52.2716045,7.7328596,11,10.06.25,08:55:17,2.7.0,Android 15,Google Pixel 7a,1749537992171
142,5G,o2 - de,262,07,o2 - de,262,03,10663475,97,14960,-105,-105,-12,300,52.2714053,7.7336326,11,10.06.25,08:55:19,2.7.0,Android 15,Google Pixel 7a,1749537992171
143,5G,o2 - de,262,07,o2 - de,262,03,10663475,97,14960,-103,-103,-11,300,52.2712364,7.7344363,11,10.06.25,08:55:21,2.7.0,Android 15,Google Pixel 7a,1749537992171
144,5G,o2 - de,262,07,o2 - de,262,03,10663475,97,14960,-105,-105,-9,300,52.2710994,7.7352311,10,10.06.25,08:55:23,2.7.0,Android 15,Google Pixel 7a,1749537992171
145,5G,o2 - de,262,07,o2 - de,262,03,10663475,97,14960,-110,-110,-13,300,52.2709658,7.7360144,10,10.06.25,08:55:25,2.7.0,Android 15,Google Pixel 7a,1749537992171
146,5G,o2 - de,262,07,o2 - de,262,03,10663475,97,14960,-110,-110,-13,300,52.2708229,7.7367641,10,10.06.25,08:55:27,2.7.0,Android 15,Google Pixel 7a,1749537992171
147,5G,o2 - de,262,07,o2 - de,262,03,10663445,209,14960,-110,-110,-12,6200,52.2706815,7.7375124,11,10.06.25,08:55:29,2.7.0,Android 15,Google Pixel 7a,1749537992171
148,5G,o2 - de,262,07,o2 - de,262,03,10663445,209,14960,-110,-110,-13,6200,52.2705691,7.7382659,11,10.06.25,08:55:31,2.7.0,Android 15,Google Pixel 7a,1749537992171
149,5G,o2 - de,262,07,o2 - de,262,03,10663445,209,14960,-109,-109,-12,6200,52.2704763,7.7390224,11,10.06.25,08:55:33,2.7.0,Android 15,Google Pixel 7a,1749537992171
150,5G,o2 - de,262,07,o2 - de,262,03,10663445,209,14960,-109,-109,-12,6200,52.2704029,7.7397831,11,10.06.25,08:55:35,2.7.0,Android 15,Google Pixel 7a,1749537992171
151,5G,o2 - de,262,07,o2 - de,262,03,10663445,209,14960,-115,-115,-11,6200,52.2703566,7.7405256,11,10.06.25,08:55:37,2.7.0,Android 15,Google Pixel 7a,1749537992171
152,5G,o2 - de,262,07,o2 - de,262,03,10663445,209,14960,-120,-120,-13,6200,52.2703038,7.7413319,11,10.06.25,08:55:39,2.7.0,Android 15,Google Pixel 7a,1749537992171
153,5G,o2 - de,262,07,o2 - de,262,03,10663445,209,14960,-120,-120,-13,6200,52.2702511,7.7421374,10,10.06.25,08:55:41,2.7.0,Android 15,Google Pixel 7a,1749537992171
154,5G,o2 - de,262,07,o2 - de,262,03,10663445,209,14960,-124,-124,-15,6200,52.2702026,7.7429174,10,10.06.25,08:55:43,2.7.0,Android 15,Google Pixel 7a,1749537992171
155,5G,o2 - de,262,07,o2 - de,262,03,10663445,209,14960,-124,-124,-15,6200,52.2701582,7.7436926,11,10.06.25,08:55:45,2.7.0,Android 15,Google Pixel 7a,1749537992171
156,5G,o2 - de,262,07,o2 - de,262,03,10663445,209,14960,-121,-121,-14,6200,52.2701263,7.7444503,11,10.06.25,08:55:47,2.7.0,Android 15,Google Pixel 7a,1749537992171
157,5G,o2 - de,262,07,o2 - de,262,03,10663445,209,14960,-120,-120,-14,6200,52.2701095,7.7451901,12,10.06.25,08:55:49,2.7.0,Android 15,Google Pixel 7a,1749537992171
158,5G,o2 - de,262,07,o2 - de,262,03,10663445,209,14960,-124,-124,-15,6200,52.2700887,7.7462707,12,10.06.25,08:55:52,2.7.0,Android 15,Google Pixel 7a,1749537992171
159,5G,o2 - de,262,07,o2 - de,262,03,10663445,209,14960,-124,-124,-15,6200,52.2700789,7.7470179,12,10.06.25,08:55:54,2.7.0,Android 15,Google Pixel 7a,1749537992171
160,5G,o2 - de,262,07,o2 - de,262,03,10663445,209,14960,-126,-126,-17,6200,52.2700622,7.7477941,11,10.06.25,08:55:56,2.7.0,Android 15,Google Pixel 7a,1749537992171
161,5G,o2 - de,262,07,o2 - de,262,03,10663445,209,14960,-126,-126,-17,6200,52.2700473,7.7485445,11,10.06.25,08:55:58,2.7.0,Android 15,Google Pixel 7a,1749537992171
162,5G,o2 - de,262,07,o2 - de,262,03,10663445,209,14960,-119,-119,-13,6200,52.2700326,7.749282,12,10.06.25,08:56:00,2.7.0,Android 15,Google Pixel 7a,1749537992171
163,5G,o2 - de,262,07,o2 - de,262,03,10663445,209,14960,-120,-120,-14,6200,52.2700238,7.7500178,12,10.06.25,08:56:02,2.7.0,Android 15,Google Pixel 7a,1749537992171
164,5G,o2 - de,262,07,o2 - de,262,03,10663937,344,14960,-113,-113,-12,6200,52.2700083,7.7511022,13,10.06.25,08:56:05,2.7.0,Android 15,Google Pixel 7a,1749537992171
165,5G,o2 - de,262,07,o2 - de,262,03,10663937,344,14960,-113,-113,-12,6200,52.2699886,7.7518389,13,10.06.25,08:56:07,2.7.0,Android 15,Google Pixel 7a,1749537992171
166,5G,o2 - de,262,07,o2 - de,262,03,10663937,344,14960,-116,-116,-12,6200,52.2699894,7.7529028,12,10.06.25,08:56:10,2.7.0,Android 15,Google Pixel 7a,1749537992171
167,5G,o2 - de,262,07,o2 - de,262,03,10663937,344,14960,-118,-118,-13,6200,52.2699567,7.7540059,11,10.06.25,08:56:13,2.7.0,Android 15,Google Pixel 7a,1749537992171
168,5G,o2 - de,262,07,o2 - de,262,03,10663937,344,14960,-118,-118,-13,6200,52.2699296,7.7550644,12,10.06.25,08:56:16,2.7.0,Android 15,Google Pixel 7a,1749537992171
169,5G,o2 - de,262,07,o2 - de,262,03,10663937,344,14960,-116,-116,-12,6200,52.2699009,7.7561248,12,10.06.25,08:56:19,2.7.0,Android 15,Google Pixel 7a,1749537992171
170,5G,o2 - de,262,07,o2 - de,262,03,10663937,344,14960,-109,-109,-11,6200,52.269879,7.7571491,12,10.06.25,08:56:22,2.7.0,Android 15,Google Pixel 7a,1749537992171
171,5G,o2 - de,262,07,o2 - de,262,03,10663937,344,14960,-113,-113,-10,6200,52.2698676,7.7582145,11,10.06.25,08:56:25,2.7.0,Android 15,Google Pixel 7a,1749537992171
172,5G,o2 - de,262,07,o2 - de,262,03,10663937,344,14960,-112,-112,-11,6200,52.2698516,7.7592571,11,10.06.25,08:56:28,2.7.0,Android 15,Google Pixel 7a,1749537992171
173,5G,o2 - de,262,07,o2 - de,262,03,10663937,344,14960,-115,-115,-12,6200,52.2698211,7.7602857,11,10.06.25,08:56:31,2.7.0,Android 15,Google Pixel 7a,1749537992171
174,5G,o2 - de,262,07,o2 - de,262,03,10663937,344,14960,-112,-112,-11,6200,52.2697604,7.7612635,12,10.06.25,08:56:34,2.7.0,Android 15,Google Pixel 7a,1749537992171
175,5G,o2 - de,262,07,o2 - de,262,03,10663937,344,14960,-109,-109,-11,6200,52.2696646,7.7621925,13,10.06.25,08:56:37,2.7.0,Android 15,Google Pixel 7a,1749537992171
176,5G,o2 - de,262,07,o2 - de,262,03,10663937,344,14960,-105,-105,-10,6200,52.26954,7.7631385,12,10.06.25,08:56:40,2.7.0,Android 15,Google Pixel 7a,1749537992171
177,5G,o2 - de,262,07,o2 - de,262,03,10663937,344,14960,-110,-110,-11,6200,52.2693642,7.764131,13,10.06.25,08:56:43,2.7.0,Android 15,Google Pixel 7a,1749537992171
178,5G,o2 - de,262,07,o2 - de,262,03,10663937,344,14960,-104,-104,-10,6200,52.2691889,7.7651047,12,10.06.25,08:56:46,2.7.0,Android 15,Google Pixel 7a,1749537992171
179,5G,o2 - de,262,07,o2 - de,262,03,10663937,344,14960,-105,-105,-10,6200,52.2689706,7.7660157,11,10.06.25,08:56:49,2.7.0,Android 15,Google Pixel 7a,1749537992171
180,5G,o2 - de,262,07,o2 - de,262,03,10663937,344,14960,-106,-106,-10,6200,52.2687213,7.7668961,12,10.06.25,08:56:52,2.7.0,Android 15,Google Pixel 7a,1749537992171
181,5G,o2 - de,262,07,o2 - de,262,03,10663937,344,14960,-97,-97,-10,6200,52.2684412,7.7678083,12,10.06.25,08:56:55,2.7.0,Android 15,Google Pixel 7a,1749537992171
182,5G,o2 - de,262,07,o2 - de,262,03,10663937,344,14960,-106,-106,-10,6200,52.2681802,7.7686829,12,10.06.25,08:56:58,2.7.0,Android 15,Google Pixel 7a,1749537992171
183,5G,o2 - de,262,07,o2 - de,262,03,10663937,344,14960,-109,-109,-10,6200,52.2679282,7.7695047,12,10.06.25,08:57:01,2.7.0,Android 15,Google Pixel 7a,1749537992171
184,5G,o2 - de,262,07,o2 - de,262,03,10663937,344,14960,-100,-100,-9,6200,52.2676976,7.7703236,12,10.06.25,08:57:04,2.7.0,Android 15,Google Pixel 7a,1749537992171
185,5G,o2 - de,262,07,o2 - de,262,03,10663937,344,14960,-106,-106,-11,6200,52.2674658,7.7711357,13,10.06.25,08:57:07,2.7.0,Android 15,Google Pixel 7a,1749537992171
186,5G,o2 - de,262,07,o2 - de,262,03,10663937,344,14960,-100,-100,-8,6200,52.2672289,7.7719754,13,10.06.25,08:57:10,2.7.0,Android 15,Google Pixel 7a,1749537992171
187,5G,o2 - de,262,07,o2 - de,262,03,10663937,344,14960,-90,-90,-10,6200,52.2670089,7.7727545,13,10.06.25,08:57:13,2.7.0,Android 15,Google Pixel 7a,1749537992171
188,5G,o2 - de,262,07,o2 - de,262,03,10663973,57,14960,-99,-99,-12,300,52.2667993,7.7735054,14,10.06.25,08:57:16,2.7.0,Android 15,Google Pixel 7a,1749537992171
189,5G,o2 - de,262,07,o2 - de,262,03,10663973,57,14960,-106,-106,-11,300,52.2666158,7.7741981,14,10.06.25,08:57:19,2.7.0,Android 15,Google Pixel 7a,1749537992171
190,5G,o2 - de,262,07,o2 - de,262,03,10663973,57,14960,-101,-101,-7,300,52.2663854,7.7750877,13,10.06.25,08:57:23,2.7.0,Android 15,Google Pixel 7a,1749537992171
191,5G,o2 - de,262,07,o2 - de,262,03,10663973,57,14960,-105,-105,-9,300,52.2661496,7.7759632,14,10.06.25,08:57:27,2.7.0,Android 15,Google Pixel 7a,1749537992171
192,5G,o2 - de,262,07,o2 - de,262,03,10663973,57,14960,-105,-105,-7,300,52.2659483,7.7767296,14,10.06.25,08:57:31,2.7.0,Android 15,Google Pixel 7a,1749537992171
193,5G,o2 - de,262,07,o2 - de,262,03,10663973,57,14960,-100,-100,-9,300,52.2657153,7.7775295,15,10.06.25,08:57:35,2.7.0,Android 15,Google Pixel 7a,1749537992171
194,5G,o2 - de,262,07,o2 - de,262,03,10663973,57,14960,-95,-95,-6,300,52.2655006,7.7782826,16,10.06.25,08:57:39,2.7.0,Android 15,Google Pixel 7a,1749537992171
195,5G,o2 - de,262,07,o2 - de,262,03,10663973,57,14960,-98,-98,-11,300,52.2653052,7.7790213,18,10.06.25,08:57:43,2.7.0,Android 15,Google Pixel 7a,1749537992171
196,5G,o2 - de,262,07,o2 - de,262,03,10663973,57,14960,-107,-107,-9,300,52.2650961,7.7798465,18,10.06.25,08:57:48,2.7.0,Android 15,Google Pixel 7a,1749537992171
197,5G,o2 - de,262,07,o2 - de,262,03,10663973,57,14960,-112,-112,-12,300,52.2648932,7.7806129,20,10.06.25,08:57:53,2.7.0,Android 15,Google Pixel 7a,1749537992171
198,5G,o2 - de,262,07,o2 - de,262,03,10663937,344,14960,-101,-101,-10,6200,52.2646986,7.781332,15,10.06.25,08:57:59,2.7.0,Android 15,Google Pixel 7a,1749537992171
199,5G,o2 - de,262,07,o2 - de,262,03,10663937,344,14960,-107,-107,-11,6200,52.2645951,7.7817558,14,10.06.25,08:58:03,2.7.0,Android 15,Google Pixel 7a,1749537992171
200,5G,o2 - de,262,07,o2 - de,262,03,10663937,344,14960,-103,-103,-11,6200,52.2644956,7.7821264,12,10.06.25,08:58:07,2.7.0,Android 15,Google Pixel 7a,1749537992171
201,5G,o2 - de,262,07,o2 - de,262,03,10663937,344,14960,-102,-102,-11,6200,52.2644056,7.782475,10,10.06.25,08:58:13,2.7.0,Android 15,Google Pixel 7a,1749537992171
202,5G,o2 - de,262,07,o2 - de,262,03,10663973,57,14960,-109,-109,-11,300,52.2644771,7.7823776,7,10.06.25,08:59:10,2.7.0,Android 15,Google Pixel 7a,1749537992171
203,5G,o2 - de,262,07,o2 - de,262,03,10663973,57,14960,-102,-102,-11,300,52.2644568,7.782529,8,10.06.25,08:59:33,2.7.0,Android 15,Google Pixel 7a,1749537992171
204,5G,o2 - de,262,07,o2 - de,262,03,10663973,57,14960,-112,-112,-11,300,52.2643884,7.7829016,9,10.06.25,08:59:38,2.7.0,Android 15,Google Pixel 7a,1749537992171
205,5G,o2 - de,262,07,o2 - de,262,03,10663973,57,14960,-111,-111,-13,300,52.2642814,7.7833349,9,10.06.25,08:59:42,2.7.0,Android 15,Google Pixel 7a,1749537992171
206,5G,o2 - de,262,07,o2 - de,262,03,10663973,57,14960,-107,-107,-10,300,52.264181,7.7837409,9,10.06.25,08:59:45,2.7.0,Android 15,Google Pixel 7a,1749537992171
207,5G,o2 - de,262,07,o2 - de,262,03,10663973,57,14960,-110,-110,-15,300,52.2639601,7.7845838,10,10.06.25,08:59:50,2.7.0,Android 15,Google Pixel 7a,1749537992171
208,5G,o2 - de,262,07,o2 - de,262,03,10663973,57,14960,-127,-127,-17,300,52.2637345,7.7854454,11,10.06.25,08:59:54,2.7.0,Android 15,Google Pixel 7a,1749537992171
209,5G,o2 - de,262,07,o2 - de,262,03,10663973,57,14960,-132,-132,-19,300,52.263541,7.7861588,11,10.06.25,08:59:57,2.7.0,Android 15,Google Pixel 7a,1749537992171
210,5G,o2 - de,262,07,o2 - de,262,03,10663974,58,14960,-133,-133,-19,300,52.2633349,7.7869106,12,10.06.25,09:00:00,2.7.0,Android 15,Google Pixel 7a,1749537992171
211,5G,o2 - de,262,07,o2 - de,262,03,10663974,58,14960,-134,-134,-20,300,52.2631279,7.7877116,24,10.06.25,09:00:03,2.7.0,Android 15,Google Pixel 7a,1749537992171
212,5G,o2 - de,262,07,o2 - de,262,03,10663938,343,14960,-115,-115,-10,6200,52.2628824,7.7886127,32,10.06.25,09:00:06,2.7.0,Android 15,Google Pixel 7a,1749537992171
213,5G,o2 - de,262,07,o2 - de,262,03,10663938,343,14960,-118,-118,-11,6200,52.2626782,7.7893105,32,10.06.25,09:00:08,2.7.0,Android 15,Google Pixel 7a,1749537992171
214,5G,o2 - de,262,07,o2 - de,262,03,10663938,343,14960,-121,-121,-11,6200,52.2619667,7.7918849,24,10.06.25,09:00:15,2.7.0,Android 15,Google Pixel 7a,1749537992171
215,5G,o2 - de,262,07,o2 - de,262,03,10663938,343,14960,-122,-122,-13,6200,52.2617352,7.7927597,23,10.06.25,09:00:17,2.7.0,Android 15,Google Pixel 7a,1749537992171
216,5G,o2 - de,262,07,o2 - de,262,03,10663938,343,14960,-119,-119,-12,6200,52.2614842,7.7936357,23,10.06.25,09:00:19,2.7.0,Android 15,Google Pixel 7a,1749537992171
217,5G,o2 - de,262,07,o2 - de,262,03,10663938,343,14960,-119,-119,-12,6200,52.261153,7.7948872,25,10.06.25,09:00:22,2.7.0,Android 15,Google Pixel 7a,1749537992171
218,5G,o2 - de,262,07,o2 - de,262,03,11004930,486,14960,-116,-116,-10,6200,52.2609457,7.7957238,25,10.06.25,09:00:24,2.7.0,Android 15,Google Pixel 7a,1749537992171
219,5G,o2 - de,262,07,o2 - de,262,03,11004930,486,14960,-112,-112,-13,6200,52.2606174,7.797012,24,10.06.25,09:00:27,2.7.0,Android 15,Google Pixel 7a,1749537992171
220,5G,o2 - de,262,07,o2 - de,262,03,11004930,486,14960,-107,-107,-11,6200,52.2603545,7.7979497,24,10.06.25,09:00:29,2.7.0,Android 15,Google Pixel 7a,1749537992171
221,5G,o2 - de,262,07,o2 - de,262,03,11004930,486,14960,-107,-107,-11,6200,52.2600923,7.7988966,24,10.06.25,09:00:31,2.7.0,Android 15,Google Pixel 7a,1749537992171
222,5G,o2 - de,262,07,o2 - de,262,03,11004930,486,14960,-104,-104,-11,6200,52.2597968,7.799964,21,10.06.25,09:00:33,2.7.0,Android 15,Google Pixel 7a,1749537992171
223,5G,o2 - de,262,07,o2 - de,262,03,11004930,486,14960,-106,-106,-12,6200,52.2595462,7.8010191,17,10.06.25,09:00:35,2.7.0,Android 15,Google Pixel 7a,1749537992171
224,5G,o2 - de,262,07,o2 - de,262,03,11004930,486,14960,-103,-103,-11,6200,52.2593314,7.8020823,13,10.06.25,09:00:37,2.7.0,Android 15,Google Pixel 7a,1749537992171
225,5G,o2 - de,262,07,o2 - de,262,03,11004930,486,14960,-106,-106,-11,6200,52.2591661,7.8031804,11,10.06.25,09:00:39,2.7.0,Android 15,Google Pixel 7a,1749537992171
226,5G,o2 - de,262,07,o2 - de,262,03,11004930,486,14960,-110,-110,-12,6200,52.2590362,7.8042943,10,10.06.25,09:00:41,2.7.0,Android 15,Google Pixel 7a,1749537992171
227,4G,o2 - de,262,07,o2 - de,262,03,11005215,160,14960,-110,-110,-8,3500,52.2588754,7.8059132,10,10.06.25,09:00:44,2.7.0,Android 15,Google Pixel 7a,1749537992171
228,4G,o2 - de,262,07,o2 - de,262,03,11005215,160,14960,-117,-117,-11,3500,52.2588021,7.8070058,10,10.06.25,09:00:46,2.7.0,Android 15,Google Pixel 7a,1749537992171
229,5G,o2 - de,262,07,o2 - de,262,03,11005215,160,14960,-117,-117,-11,3500,52.2587557,7.8081235,11,10.06.25,09:00:48,2.7.0,Android 15,Google Pixel 7a,1749537992171
230,5G,o2 - de,262,07,o2 - de,262,03,11005205,423,14960,-117,-117,-14,6200,52.2587431,7.8092655,11,10.06.25,09:00:50,2.7.0,Android 15,Google Pixel 7a,1749537992171
231,5G,o2 - de,262,07,o2 - de,262,03,10663938,343,14960,-110,-110,-11,6200,52.2587748,7.8103855,11,10.06.25,09:00:52,2.7.0,Android 15,Google Pixel 7a,1749537992171
232,5G,o2 - de,262,07,o2 - de,262,03,10663938,343,14960,-110,-110,-12,6200,52.2588661,7.8115095,10,10.06.25,09:00:54,2.7.0,Android 15,Google Pixel 7a,1749537992171
233,5G,o2 - de,262,07,o2 - de,262,03,10663938,343,14960,-118,-118,-14,6200,52.2590133,7.8126131,10,10.06.25,09:00:56,2.7.0,Android 15,Google Pixel 7a,1749537992171
234,5G,o2 - de,262,07,o2 - de,262,03,10663938,343,14960,-118,-118,-14,6200,52.259211,7.8137209,11,10.06.25,09:00:58,2.7.0,Android 15,Google Pixel 7a,1749537992171
235,5G,o2 - de,262,07,o2 - de,262,03,10663938,343,14960,-119,-119,-12,6200,52.2594218,7.8147916,11,10.06.25,09:01:00,2.7.0,Android 15,Google Pixel 7a,1749537992171
236,5G,o2 - de,262,07,o2 - de,262,03,10663938,343,14960,-119,-119,-12,6200,52.259645,7.8158251,11,10.06.25,09:01:02,2.7.0,Android 15,Google Pixel 7a,1749537992171
237,4G,o2 - de,262,07,o2 - de,262,03,10663938,343,14960,-127,-127,-17,6200,52.2598955,7.8168582,11,10.06.25,09:01:04,2.7.0,Android 15,Google Pixel 7a,1749537992171
238,4G,o2 - de,262,07,o2 - de,262,03,11005215,160,14960,-124,-124,-12,3500,52.260171,7.8178624,11,10.06.25,09:01:06,2.7.0,Android 15,Google Pixel 7a,1749537992171
239,4G,o2 - de,262,07,o2 - de,262,03,11005215,160,14960,-126,-126,-13,3500,52.2604509,7.8188622,11,10.06.25,09:01:08,2.7.0,Android 15,Google Pixel 7a,1749537992171
240,4G,o2 - de,262,07,o2 - de,262,03,11005215,160,14960,-126,-126,-13,3500,52.260731,7.8198496,11,10.06.25,09:01:10,2.7.0,Android 15,Google Pixel 7a,1749537992171
241,4G,o2 - de,262,07,o2 - de,262,03,11005215,160,14960,-127,-127,-15,3500,52.2610086,7.8208411,11,10.06.25,09:01:12,2.7.0,Android 15,Google Pixel 7a,1749537992171
242,4G,o2 - de,262,07,o2 - de,262,03,11005215,160,14960,-124,-124,-15,3500,52.261281,7.8218462,11,10.06.25,09:01:14,2.7.0,Android 15,Google Pixel 7a,1749537992171
243,4G,o2 - de,262,07,o2 - de,262,03,11005215,160,14960,-131,-131,-16,3500,52.2615455,7.8228477,11,10.06.25,09:01:16,2.7.0,Android 15,Google Pixel 7a,1749537992171
244,4G,o2 - de,262,07,o2 - de,262,03,11139843,78,14962,-116,-116,-11,6200,52.2618164,7.8238687,11,10.06.25,09:01:18,2.7.0,Android 15,Google Pixel 7a,1749537992171
245,4G,o2 - de,262,07,o2 - de,262,03,11139843,78,14962,-116,-116,-11,6200,52.2620837,7.8248713,11,10.06.25,09:01:20,2.7.0,Android 15,Google Pixel 7a,1749537992171
246,4G,o2 - de,262,07,o2 - de,262,03,11139843,78,14962,-105,-105,-10,6200,52.2623508,7.8258894,11,10.06.25,09:01:22,2.7.0,Android 15,Google Pixel 7a,1749537992171
247,4G,o2 - de,262,07,o2 - de,262,03,11139843,78,14962,-119,-119,-11,6200,52.2626138,7.8268968,11,10.06.25,09:01:24,2.7.0,Android 15,Google Pixel 7a,1749537992171
248,4G,o2 - de,262,07,o2 - de,262,03,11139843,78,14962,-116,-116,-9,6200,52.2628731,7.8279126,10,10.06.25,09:01:26,2.7.0,Android 15,Google Pixel 7a,1749537992171
249,4G,o2 - de,262,07,o2 - de,262,03,11139843,78,14962,-119,-119,-12,6200,52.263133,7.8289207,10,10.06.25,09:01:28,2.7.0,Android 15,Google Pixel 7a,1749537992171
250,4G,o2 - de,262,07,o2 - de,262,03,11005215,160,14960,-124,-124,-12,3500,52.2633872,7.8299006,10,10.06.25,09:01:30,2.7.0,Android 15,Google Pixel 7a,1749537992171
251,4G,o2 - de,262,07,o2 - de,262,03,11139843,78,14962,-117,-117,-11,6200,52.2636428,7.8309146,11,10.06.25,09:01:32,2.7.0,Android 15,Google Pixel 7a,1749537992171
252,4G,o2 - de,262,07,o2 - de,262,03,11139843,78,14962,-117,-117,-11,6200,52.2638879,7.8319704,11,10.06.25,09:01:34,2.7.0,Android 15,Google Pixel 7a,1749537992171
253,4G,o2 - de,262,07,o2 - de,262,03,11139843,78,14962,-111,-111,-9,6200,52.2640924,7.8329912,11,10.06.25,09:01:36,2.7.0,Android 15,Google Pixel 7a,1749537992171
254,4G,o2 - de,262,07,o2 - de,262,03,11139843,78,14962,-118,-118,-11,6200,52.2642466,7.8340187,11,10.06.25,09:01:38,2.7.0,Android 15,Google Pixel 7a,1749537992171
255,4G,o2 - de,262,07,o2 - de,262,03,11139843,78,14962,-117,-117,-10,6200,52.2643325,7.8350923,11,10.06.25,09:01:40,2.7.0,Android 15,Google Pixel 7a,1749537992171
256,4G,o2 - de,262,07,o2 - de,262,03,11139843,78,14962,-117,-117,-10,6200,52.264392,7.8361792,11,10.06.25,09:01:42,2.7.0,Android 15,Google Pixel 7a,1749537992171
257,4G,o2 - de,262,07,o2 - de,262,03,11139843,78,14962,-111,-111,-9,6200,52.2644361,7.837275,12,10.06.25,09:01:44,2.7.0,Android 15,Google Pixel 7a,1749537992171
258,4G,o2 - de,262,07,o2 - de,262,03,11139843,78,14962,-112,-112,-9,6200,52.2644446,7.8383744,12,10.06.25,09:01:46,2.7.0,Android 15,Google Pixel 7a,1749537992171
259,4G,o2 - de,262,07,o2 - de,262,03,11139843,78,14962,-111,-111,-8,6200,52.2644345,7.8394868,12,10.06.25,09:01:48,2.7.0,Android 15,Google Pixel 7a,1749537992171
260,4G,o2 - de,262,07,o2 - de,262,03,11139843,78,14962,-108,-108,-9,6200,52.2644404,7.8406005,11,10.06.25,09:01:50,2.7.0,Android 15,Google Pixel 7a,1749537992171
261,4G,o2 - de,262,07,o2 - de,262,03,11139843,78,14962,-108,-108,-9,6200,52.2644618,7.8417179,10,10.06.25,09:01:52,2.7.0,Android 15,Google Pixel 7a,1749537992171
262,4G,o2 - de,262,07,o2 - de,262,03,11139843,78,14962,-107,-107,-9,6200,52.2645003,7.8428544,10,10.06.25,09:01:54,2.7.0,Android 15,Google Pixel 7a,1749537992171
263,4G,o2 - de,262,07,o2 - de,262,03,11139843,78,14962,-105,-105,-9,6200,52.2645644,7.8439678,11,10.06.25,09:01:56,2.7.0,Android 15,Google Pixel 7a,1749537992171
264,4G,o2 - de,262,07,o2 - de,262,03,11139843,78,14962,-108,-108,-9,6200,52.2646596,7.8450548,11,10.06.25,09:01:58,2.7.0,Android 15,Google Pixel 7a,1749537992171
265,4G,o2 - de,262,07,o2 - de,262,03,11139843,78,14962,-103,-103,-9,6200,52.2647669,7.8461258,11,10.06.25,09:02:00,2.7.0,Android 15,Google Pixel 7a,1749537992171
266,4G,o2 - de,262,07,o2 - de,262,03,11139843,78,14962,-103,-103,-9,6200,52.2649,7.8472066,11,10.06.25,09:02:02,2.7.0,Android 15,Google Pixel 7a,1749537992171
267,4G,o2 - de,262,07,o2 - de,262,03,11139843,78,14962,-103,-103,-9,6200,52.2650682,7.8482452,12,10.06.25,09:02:04,2.7.0,Android 15,Google Pixel 7a,1749537992171
268,5G,o2 - de,262,07,o2 - de,262,03,11139879,144,14962,-106,-106,-9,300,52.2652549,7.8492881,12,10.06.25,09:02:06,2.7.0,Android 15,Google Pixel 7a,1749537992171
269,5G,o2 - de,262,07,o2 - de,262,03,11139879,144,14962,-117,-117,-8,300,52.2654512,7.8503569,12,10.06.25,09:02:08,2.7.0,Android 15,Google Pixel 7a,1749537992171
270,5G,o2 - de,262,07,o2 - de,262,03,11139879,144,14962,-101,-101,-8,300,52.2656255,7.8514205,11,10.06.25,09:02:10,2.7.0,Android 15,Google Pixel 7a,1749537992171
271,5G,o2 - de,262,07,o2 - de,262,03,11139879,144,14962,-95,-95,-8,300,52.2657959,7.8524852,11,10.06.25,09:02:12,2.7.0,Android 15,Google Pixel 7a,1749537992171
272,5G,o2 - de,262,07,o2 - de,262,03,11139879,144,14962,-98,-98,-8,300,52.2659732,7.85354,10,10.06.25,09:02:14,2.7.0,Android 15,Google Pixel 7a,1749537992171
273,5G,o2 - de,262,07,o2 - de,262,03,11139879,144,14962,-98,-98,-8,300,52.2661431,7.8545914,10,10.06.25,09:02:16,2.7.0,Android 15,Google Pixel 7a,1749537992171
274,5G,o2 - de,262,07,o2 - de,262,03,11139879,144,14962,-97,-97,-9,300,52.2663088,7.8556673,9,10.06.25,09:02:18,2.7.0,Android 15,Google Pixel 7a,1749537992171
275,5G,o2 - de,262,07,o2 - de,262,03,11139879,144,14962,-97,-97,-9,300,52.2664789,7.8567237,9,10.06.25,09:02:20,2.7.0,Android 15,Google Pixel 7a,1749537992171
276,5G,o2 - de,262,07,o2 - de,262,03,11139879,144,14962,-107,-107,-8,300,52.2666481,7.8577995,9,10.06.25,09:02:22,2.7.0,Android 15,Google Pixel 7a,1749537992171
277,5G,o2 - de,262,07,o2 - de,262,03,11139879,144,14962,-99,-99,-8,300,52.2668158,7.8588649,9,10.06.25,09:02:24,2.7.0,Android 15,Google Pixel 7a,1749537992171
278,5G,o2 - de,262,07,o2 - de,262,03,11139879,144,14962,-101,-101,-8,300,52.2669791,7.8599361,9,10.06.25,09:02:26,2.7.0,Android 15,Google Pixel 7a,1749537992171
279,5G,o2 - de,262,07,o2 - de,262,03,11139879,144,14962,-96,-96,-9,300,52.2671431,7.8609798,9,10.06.25,09:02:28,2.7.0,Android 15,Google Pixel 7a,1749537992171
280,5G,o2 - de,262,07,o2 - de,262,03,11139879,144,14962,-101,-101,-9,300,52.2673054,7.8620351,9,10.06.25,09:02:30,2.7.0,Android 15,Google Pixel 7a,1749537992171
281,5G,o2 - de,262,07,o2 - de,262,03,11139879,144,14962,-101,-101,-9,300,52.2674691,7.863098,9,10.06.25,09:02:32,2.7.0,Android 15,Google Pixel 7a,1749537992171
282,4G,o2 - de,262,07,o2 - de,262,03,11139879,144,14962,-99,-99,-9,300,52.2676431,7.8641541,9,10.06.25,09:02:34,2.7.0,Android 15,Google Pixel 7a,1749537992171
283,4G,o2 - de,262,07,o2 - de,262,03,11139843,78,14962,-103,-103,-10,6200,52.2678003,7.8651942,9,10.06.25,09:02:36,2.7.0,Android 15,Google Pixel 7a,1749537992171
284,4G,o2 - de,262,07,o2 - de,262,03,11139843,78,14962,-102,-102,-11,6200,52.267929,7.8662579,9,10.06.25,09:02:38,2.7.0,Android 15,Google Pixel 7a,1749537992171
285,4G,o2 - de,262,07,o2 - de,262,03,11139843,78,14962,-102,-102,-11,6200,52.2680269,7.8673568,9,10.06.25,09:02:40,2.7.0,Android 15,Google Pixel 7a,1749537992171
286,4G,o2 - de,262,07,o2 - de,262,03,11139843,78,14962,-99,-99,-12,6200,52.2681133,7.8684633,10,10.06.25,09:02:42,2.7.0,Android 15,Google Pixel 7a,1749537992171
287,5G,o2 - de,262,07,o2 - de,262,03,11139877,146,14962,-103,-103,-10,300,52.2681861,7.8695595,11,10.06.25,09:02:44,2.7.0,Android 15,Google Pixel 7a,1749537992171
288,5G,o2 - de,262,07,o2 - de,262,03,11139877,146,14962,-109,-109,-9,300,52.2682584,7.8706483,12,10.06.25,09:02:46,2.7.0,Android 15,Google Pixel 7a,1749537992171
289,5G,o2 - de,262,07,o2 - de,262,03,11139877,146,14962,-104,-104,-10,300,52.2683424,7.8717427,12,10.06.25,09:02:48,2.7.0,Android 15,Google Pixel 7a,1749537992171
290,5G,o2 - de,262,07,o2 - de,262,03,11139877,146,14962,-104,-104,-10,300,52.2684265,7.8728339,12,10.06.25,09:02:50,2.7.0,Android 15,Google Pixel 7a,1749537992171
291,5G,o2 - de,262,07,o2 - de,262,03,11139877,146,14962,-107,-107,-10,300,52.2685171,7.8739184,12,10.06.25,09:02:52,2.7.0,Android 15,Google Pixel 7a,1749537992171
292,5G,o2 - de,262,07,o2 - de,262,03,11139877,146,14962,-110,-110,-10,300,52.268585,7.8750025,12,10.06.25,09:02:54,2.7.0,Android 15,Google Pixel 7a,1749537992171
293,5G,o2 - de,262,07,o2 - de,262,03,11139877,146,14962,-105,-105,-10,300,52.2686432,7.8760817,12,10.06.25,09:02:56,2.7.0,Android 15,Google Pixel 7a,1749537992171
294,5G,o2 - de,262,07,o2 - de,262,03,11139877,146,14962,-114,-114,-11,300,52.268708,7.8771737,13,10.06.25,09:02:58,2.7.0,Android 15,Google Pixel 7a,1749537992171
295,5G,o2 - de,262,07,o2 - de,262,03,11139877,146,14962,-114,-114,-11,300,52.268781,7.8782655,13,10.06.25,09:03:00,2.7.0,Android 15,Google Pixel 7a,1749537992171
296,5G,o2 - de,262,07,o2 - de,262,03,11139877,146,14962,-106,-106,-11,300,52.2688633,7.8793481,13,10.06.25,09:03:02,2.7.0,Android 15,Google Pixel 7a,1749537992171
297,4G,o2 - de,262,07,o2 - de,262,03,11139877,146,14962,-112,-112,-10,300,52.2689586,7.8804468,14,10.06.25,09:03:04,2.7.0,Android 15,Google Pixel 7a,1749537992171
298,4G,o2 - de,262,07,o2 - de,262,03,11139841,79,14962,-99,-99,-11,6200,52.2690707,7.8815432,14,10.06.25,09:03:06,2.7.0,Android 15,Google Pixel 7a,1749537992171
299,4G,o2 - de,262,07,o2 - de,262,03,11139841,79,14962,-110,-110,-11,6200,52.2692122,7.8826348,13,10.06.25,09:03:08,2.7.0,Android 15,Google Pixel 7a,1749537992171
300,4G,o2 - de,262,07,o2 - de,262,03,11126275,26,14962,-108,-108,-12,6200,52.2693802,7.8837142,12,10.06.25,09:03:10,2.7.0,Android 15,Google Pixel 7a,1749537992171
301,4G,o2 - de,262,07,o2 - de,262,03,11126275,26,14962,-108,-108,-12,6200,52.2695962,7.8847264,11,10.06.25,09:03:12,2.7.0,Android 15,Google Pixel 7a,1749537992171
302,4G,o2 - de,262,07,o2 - de,262,03,11126275,26,14962,-114,-114,-12,6200,52.269858,7.8857345,11,10.06.25,09:03:14,2.7.0,Android 15,Google Pixel 7a,1749537992171
303,4G,o2 - de,262,07,o2 - de,262,03,11126275,26,14962,-107,-107,-9,6200,52.2701681,7.8867169,12,10.06.25,09:03:16,2.7.0,Android 15,Google Pixel 7a,1749537992171
304,4G,o2 - de,262,07,o2 - de,262,03,11126275,26,14962,-100,-100,-5,6200,52.2705261,7.8876708,12,10.06.25,09:03:18,2.7.0,Android 15,Google Pixel 7a,1749537992171
305,4G,o2 - de,262,07,o2 - de,262,03,11126275,26,14962,-109,-109,-11,6200,52.2709612,7.888526,12,10.06.25,09:03:20,2.7.0,Android 15,Google Pixel 7a,1749537992171
306,4G,o2 - de,262,07,o2 - de,262,03,11126275,26,14962,-115,-115,-11,6200,52.2714314,7.8893156,12,10.06.25,09:03:22,2.7.0,Android 15,Google Pixel 7a,1749537992171
307,4G,o2 - de,262,07,o2 - de,262,03,11139841,79,14962,-113,-113,-11,6200,52.271928,7.8900593,11,10.06.25,09:03:24,2.7.0,Android 15,Google Pixel 7a,1749537992171
308,4G,o2 - de,262,07,o2 - de,262,03,11126275,26,14962,-110,-110,-10,6200,52.272445,7.890727,11,10.06.25,09:03:26,2.7.0,Android 15,Google Pixel 7a,1749537992171
309,4G,o2 - de,262,07,o2 - de,262,03,11126275,26,14962,-110,-110,-10,6200,52.2729969,7.8913789,11,10.06.25,09:03:28,2.7.0,Android 15,Google Pixel 7a,1749537992171
310,4G,o2 - de,262,07,o2 - de,262,03,11126275,26,14962,-111,-111,-12,6200,52.2735873,7.8920058,11,10.06.25,09:03:30,2.7.0,Android 15,Google Pixel 7a,1749537992171
311,4G,o2 - de,262,07,o2 - de,262,03,11126275,26,14962,-117,-117,-11,6200,52.2741963,7.8926139,10,10.06.25,09:03:32,2.7.0,Android 15,Google Pixel 7a,1749537992171
312,4G,o2 - de,262,07,o2 - de,262,03,11126275,26,14962,-117,-117,-11,6200,52.2747754,7.8931976,11,10.06.25,09:03:34,2.7.0,Android 15,Google Pixel 7a,1749537992171
313,4G,o2 - de,262,07,o2 - de,262,03,11126275,26,14962,-120,-120,-13,6200,52.2753484,7.8937719,11,10.06.25,09:03:36,2.7.0,Android 15,Google Pixel 7a,1749537992171
314,4G,o2 - de,262,07,o2 - de,262,03,11139841,79,14962,-113,-113,-8,6200,52.275923,7.8943543,11,10.06.25,09:03:38,2.7.0,Android 15,Google Pixel 7a,1749537992171
315,4G,o2 - de,262,07,o2 - de,262,03,11126275,26,14962,-116,-116,-9,6200,52.2764976,7.8949389,11,10.06.25,09:03:40,2.7.0,Android 15,Google Pixel 7a,1749537992171
316,4G,o2 - de,262,07,o2 - de,262,03,11126275,26,14962,-114,-114,-10,6200,52.2770636,7.8955157,11,10.06.25,09:03:42,2.7.0,Android 15,Google Pixel 7a,1749537992171
317,4G,o2 - de,262,07,o2 - de,262,03,11126275,26,14962,-112,-112,-8,6200,52.2776318,7.8961031,11,10.06.25,09:03:44,2.7.0,Android 15,Google Pixel 7a,1749537992171
318,4G,o2 - de,262,07,o2 - de,262,03,11126275,26,14962,-112,-112,-8,6200,52.2781641,7.8967285,11,10.06.25,09:03:46,2.7.0,Android 15,Google Pixel 7a,1749537992171
319,4G,o2 - de,262,07,o2 - de,262,03,11126275,26,14962,-111,-111,-9,6200,52.2786621,7.8973994,11,10.06.25,09:03:48,2.7.0,Android 15,Google Pixel 7a,1749537992171
320,4G,o2 - de,262,07,o2 - de,262,03,11126275,26,14962,-103,-103,-10,6200,52.2791325,7.8981185,11,10.06.25,09:03:50,2.7.0,Android 15,Google Pixel 7a,1749537992171
321,5G,o2 - de,262,07,o2 - de,262,03,11126299,66,14962,-102,-102,-10,1600,52.2796002,7.898897,11,10.06.25,09:03:52,2.7.0,Android 15,Google Pixel 7a,1749537992171
322,5G,o2 - de,262,07,o2 - de,262,03,11126299,66,14962,-100,-100,-8,1600,52.2800432,7.8997114,11,10.06.25,09:03:54,2.7.0,Android 15,Google Pixel 7a,1749537992171
323,5G,o2 - de,262,07,o2 - de,262,03,11126299,66,14962,-100,-100,-8,1600,52.280479,7.9005568,11,10.06.25,09:03:56,2.7.0,Android 15,Google Pixel 7a,1749537992171
324,5G,o2 - de,262,07,o2 - de,262,03,11126299,66,14962,-112,-112,-11,1600,52.2808844,7.9014077,11,10.06.25,09:03:58,2.7.0,Android 15,Google Pixel 7a,1749537992171
325,5G,o2 - de,262,07,o2 - de,262,03,11126299,66,14962,-105,-105,-9,1600,52.2812773,7.9022871,11,10.06.25,09:04:00,2.7.0,Android 15,Google Pixel 7a,1749537992171
326,5G,o2 - de,262,07,o2 - de,262,03,11126311,412,14962,-116,-116,-11,300,52.281642,7.9031736,12,10.06.25,09:04:02,2.7.0,Android 15,Google Pixel 7a,1749537992171
327,5G,o2 - de,262,07,o2 - de,262,03,11126311,412,14962,-104,-104,-10,300,52.2819758,7.9040746,12,10.06.25,09:04:04,2.7.0,Android 15,Google Pixel 7a,1749537992171
328,5G,o2 - de,262,07,o2 - de,262,03,11126311,412,14962,-104,-104,-10,300,52.2823085,7.9050007,12,10.06.25,09:04:06,2.7.0,Android 15,Google Pixel 7a,1749537992171
329,5G,o2 - de,262,07,o2 - de,262,03,11126311,412,14962,-111,-111,-10,300,52.2826507,7.905906,12,10.06.25,09:04:08,2.7.0,Android 15,Google Pixel 7a,1749537992171
330,5G,o2 - de,262,07,o2 - de,262,03,11126299,66,14962,-114,-114,-10,1600,52.2829977,7.9068061,12,10.06.25,09:04:10,2.7.0,Android 15,Google Pixel 7a,1749537992171
331,5G,o2 - de,262,07,o2 - de,262,03,11126299,66,14962,-125,-125,-14,1600,52.2833494,7.9077185,12,10.06.25,09:04:12,2.7.0,Android 15,Google Pixel 7a,1749537992171
332,5G,o2 - de,262,07,o2 - de,262,03,11126299,66,14962,-114,-114,-11,1600,52.2836904,7.9086176,13,10.06.25,09:04:14,2.7.0,Android 15,Google Pixel 7a,1749537992171
333,4G,o2 - de,262,07,o2 - de,262,03,11126275,26,14962,-108,-108,-12,6200,52.2840189,7.9094984,13,10.06.25,09:04:16,2.7.0,Android 15,Google Pixel 7a,1749537992171
334,4G,o2 - de,262,07,o2 - de,262,03,11126275,26,14962,-109,-109,-12,6200,52.2843455,7.9103667,13,10.06.25,09:04:18,2.7.0,Android 15,Google Pixel 7a,1749537992171
335,4G,o2 - de,262,07,o2 - de,262,03,11126275,26,14962,-109,-109,-12,6200,52.2846963,7.9112453,13,10.06.25,09:04:20,2.7.0,Android 15,Google Pixel 7a,1749537992171
336,4G,o2 - de,262,07,o2 - de,262,03,11126275,26,14962,-117,-117,-14,6200,52.2850601,7.9121221,13,10.06.25,09:04:22,2.7.0,Android 15,Google Pixel 7a,1749537992171
337,4G,o2 - de,262,07,o2 - de,262,03,11126275,26,14962,-112,-112,-14,6200,52.2854187,7.9129877,13,10.06.25,09:04:24,2.7.0,Android 15,Google Pixel 7a,1749537992171
338,5G,o2 - de,262,07,o2 - de,262,03,11126297,62,14962,-112,-112,-11,1600,52.2857724,7.9138413,13,10.06.25,09:04:26,2.7.0,Android 15,Google Pixel 7a,1749537992171
339,5G,o2 - de,262,07,o2 - de,262,03,11126297,62,14962,-108,-108,-10,1600,52.2861258,7.914704,14,10.06.25,09:04:28,2.7.0,Android 15,Google Pixel 7a,1749537992171
340,5G,o2 - de,262,07,o2 - de,262,03,11126297,62,14962,-108,-108,-10,1600,52.2864893,7.9155847,14,10.06.25,09:04:30,2.7.0,Android 15,Google Pixel 7a,1749537992171
341,4G,o2 - de,262,07,o2 - de,262,03,11126297,62,14962,-129,-129,-17,1600,52.2868587,7.9164632,14,10.06.25,09:04:32,2.7.0,Android 15,Google Pixel 7a,1749537992171
342,5G,o2 - de,262,07,o2 - de,262,03,11126826,275,14962,-123,-123,-16,1600,52.2872042,7.9173043,14,10.06.25,09:04:34,2.7.0,Android 15,Google Pixel 7a,1749537992171
343,5G,o2 - de,262,07,o2 - de,262,03,11126826,275,14962,-123,-123,-16,1600,52.2875447,7.9181508,14,10.06.25,09:04:36,2.7.0,Android 15,Google Pixel 7a,1749537992171
344,5G,o2 - de,262,07,o2 - de,262,03,11126826,275,14962,-123,-123,-16,1600,52.2878636,7.919002,14,10.06.25,09:04:38,2.7.0,Android 15,Google Pixel 7a,1749537992171
345,5G,o2 - de,262,07,o2 - de,262,03,11126827,273,14962,-118,-118,-16,1600,52.2881699,7.9198543,14,10.06.25,09:04:40,2.7.0,Android 15,Google Pixel 7a,1749537992171
346,5G,o2 - de,262,07,o2 - de,262,03,11126827,273,14962,-118,-118,-16,1600,52.2884754,7.920712,14,10.06.25,09:04:42,2.7.0,Android 15,Google Pixel 7a,1749537992171
347,5G,o2 - de,262,07,o2 - de,262,03,11126273,24,14962,-105,-105,-12,6200,52.2887905,7.9215774,15,10.06.25,09:04:44,2.7.0,Android 15,Google Pixel 7a,1749537992171
348,5G,o2 - de,262,07,o2 - de,262,03,11126273,24,14962,-106,-106,-10,6200,52.2891142,7.9224387,15,10.06.25,09:04:46,2.7.0,Android 15,Google Pixel 7a,1749537992171
349,5G,o2 - de,262,07,o2 - de,262,03,11126273,24,14962,-108,-108,-10,6200,52.2894418,7.9232848,15,10.06.25,09:04:48,2.7.0,Android 15,Google Pixel 7a,1749537992171
350,5G,o2 - de,262,07,o2 - de,262,03,11126273,24,14962,-111,-111,-11,6200,52.2897623,7.9241185,15,10.06.25,09:04:50,2.7.0,Android 15,Google Pixel 7a,1749537992171
351,5G,o2 - de,262,07,o2 - de,262,03,11126273,24,14962,-111,-111,-11,6200,52.2900862,7.9249567,15,10.06.25,09:04:52,2.7.0,Android 15,Google Pixel 7a,1749537992171
352,5G,o2 - de,262,07,o2 - de,262,03,11126273,24,14962,-105,-105,-10,6200,52.2904177,7.9257977,15,10.06.25,09:04:54,2.7.0,Android 15,Google Pixel 7a,1749537992171
353,5G,o2 - de,262,07,o2 - de,262,03,11126273,24,14962,-115,-115,-12,6200,52.2907462,7.9266323,15,10.06.25,09:04:56,2.7.0,Android 15,Google Pixel 7a,1749537992171
354,5G,o2 - de,262,07,o2 - de,262,03,11126273,24,14962,-113,-113,-11,6200,52.2910754,7.9274641,15,10.06.25,09:04:58,2.7.0,Android 15,Google Pixel 7a,1749537992171
355,5G,o2 - de,262,07,o2 - de,262,03,11126273,24,14962,-113,-113,-11,6200,52.2914067,7.9282865,16,10.06.25,09:05:00,2.7.0,Android 15,Google Pixel 7a,1749537992171
356,5G,o2 - de,262,07,o2 - de,262,03,11126807,58,14962,-111,-111,-13,6200,52.291747,7.9291075,16,10.06.25,09:05:02,2.7.0,Android 15,Google Pixel 7a,1749537992171
357,5G,o2 - de,262,07,o2 - de,262,03,11126273,24,14962,-113,-113,-14,6200,52.2921036,7.9299194,16,10.06.25,09:05:04,2.7.0,Android 15,Google Pixel 7a,1749537992171
358,4G,o2 - de,262,07,o2 - de,262,03,11126807,58,14962,-111,-111,-13,6200,52.2924816,7.9307717,15,10.06.25,09:05:06,2.7.0,Android 15,Google Pixel 7a,1749537992171
359,4G,o2 - de,262,07,o2 - de,262,03,11126807,58,14962,-110,-110,-11,6200,52.292837,7.9316062,13,10.06.25,09:05:08,2.7.0,Android 15,Google Pixel 7a,1749537992171
360,4G,o2 - de,262,07,o2 - de,262,03,11126807,58,14962,-110,-110,-11,6200,52.2931977,7.9324423,12,10.06.25,09:05:10,2.7.0,Android 15,Google Pixel 7a,1749537992171
361,5G,o2 - de,262,07,o2 - de,262,03,11126807,58,14962,-114,-114,-12,6200,52.2935366,7.9332549,11,10.06.25,09:05:12,2.7.0,Android 15,Google Pixel 7a,1749537992171
362,5G,o2 - de,262,07,o2 - de,262,03,11126273,24,14962,-112,-112,-12,6200,52.293873,7.9340702,10,10.06.25,09:05:14,2.7.0,Android 15,Google Pixel 7a,1749537992171
363,5G,o2 - de,262,07,o2 - de,262,03,11126273,24,14962,-113,-113,-11,6200,52.2942252,7.9348549,10,10.06.25,09:05:16,2.7.0,Android 15,Google Pixel 7a,1749537992171
364,5G,o2 - de,262,07,o2 - de,262,03,11126273,24,14962,-119,-119,-11,6200,52.2945838,7.9356381,10,10.06.25,09:05:18,2.7.0,Android 15,Google Pixel 7a,1749537992171
365,5G,o2 - de,262,07,o2 - de,262,03,11126273,24,14962,-117,-117,-11,6200,52.2949364,7.9364108,10,10.06.25,09:05:20,2.7.0,Android 15,Google Pixel 7a,1749537992171
366,5G,o2 - de,262,07,o2 - de,262,03,11126273,24,14962,-123,-123,-14,6200,52.2952705,7.9371583,10,10.06.25,09:05:22,2.7.0,Android 15,Google Pixel 7a,1749537992171
367,5G,o2 - de,262,07,o2 - de,262,03,11126273,24,14962,-121,-121,-,6200,52.2956128,7.9379177,10,10.06.25,09:05:24,2.7.0,Android 15,Google Pixel 7a,1749537992171
368,4G,o2 - de,262,07,o2 - de,262,03,11126273,24,14962,-121,-121,-,6200,52.2959714,7.9386916,10,10.06.25,09:05:26,2.7.0,Android 15,Google Pixel 7a,1749537992171
369,5G,o2 - de,262,07,o2 - de,262,03,11126837,428,14962,-106,-106,-11,300,52.2963356,7.93947,10,10.06.25,09:05:28,2.7.0,Android 15,Google Pixel 7a,1749537992171
370,5G,o2 - de,262,07,o2 - de,262,03,11126837,428,14962,-109,-109,-8,300,52.2966783,7.9402459,10,10.06.25,09:05:30,2.7.0,Android 15,Google Pixel 7a,1749537992171
371,4G,o2 - de,262,07,o2 - de,262,03,11126837,428,14962,-109,-109,-8,300,52.297021,7.9410252,9,10.06.25,09:05:32,2.7.0,Android 15,Google Pixel 7a,1749537992171
372,4G,o2 - de,262,07,o2 - de,262,03,11126807,58,14962,-105,-105,-13,6200,52.2973563,7.9417961,10,10.06.25,09:05:34,2.7.0,Android 15,Google Pixel 7a,1749537992171
373,4G,o2 - de,262,07,o2 - de,262,03,11126807,58,14962,-105,-105,-11,6200,52.2976863,7.9425658,10,10.06.25,09:05:36,2.7.0,Android 15,Google Pixel 7a,1749537992171
374,5G,o2 - de,262,07,o2 - de,262,03,11126837,428,14962,-105,-105,-12,300,52.2980178,7.9433391,11,10.06.25,09:05:38,2.7.0,Android 15,Google Pixel 7a,1749537992171
375,5G,o2 - de,262,07,o2 - de,262,03,11126837,428,14962,-105,-105,-12,300,52.2983556,7.9441092,11,10.06.25,09:05:40,2.7.0,Android 15,Google Pixel 7a,1749537992171
376,5G,o2 - de,262,07,o2 - de,262,03,11126837,428,14962,-100,-100,-10,300,52.2987078,7.9448574,11,10.06.25,09:05:42,2.7.0,Android 15,Google Pixel 7a,1749537992171
377,4G,o2 - de,262,07,o2 - de,262,03,11126837,490,14962,-107,-107,-10,3500,52.2990536,7.9455825,11,10.06.25,09:05:44,2.7.0,Android 15,Google Pixel 7a,1749537992171
378,4G,o2 - de,262,07,o2 - de,262,03,11126815,490,14962,-110,-110,-9,3500,52.2993879,7.946312,10,10.06.25,09:05:46,2.7.0,Android 15,Google Pixel 7a,1749537992171
379,4G,o2 - de,262,07,o2 - de,262,03,11126815,490,14962,-111,-111,-13,3500,52.2997133,7.9470551,10,10.06.25,09:05:48,2.7.0,Android 15,Google Pixel 7a,1749537992171
380,4G,o2 - de,262,07,o2 - de,262,03,11126815,490,14962,-111,-111,-13,3500,52.3000275,7.9478268,11,10.06.25,09:05:50,2.7.0,Android 15,Google Pixel 7a,1749537992171
381,4G,o2 - de,262,07,o2 - de,262,03,11126815,490,14962,-115,-115,-13,3500,52.3003214,7.9485986,12,10.06.25,09:05:52,2.7.0,Android 15,Google Pixel 7a,1749537992171
382,4G,o2 - de,262,07,o2 - de,262,03,11126815,490,14962,-122,-122,-14,3500,52.3005999,7.9493982,13,10.06.25,09:05:54,2.7.0,Android 15,Google Pixel 7a,1749537992171
383,5G,o2 - de,262,07,o2 - de,262,03,11004704,275,14962,-123,-123,-12,3500,52.3008675,7.950231,14,10.06.25,09:05:56,2.7.0,Android 15,Google Pixel 7a,1749537992171
384,5G,o2 - de,262,07,o2 - de,262,03,11004704,275,14962,-110,-110,-9,3500,52.3011029,7.9510691,14,10.06.25,09:05:58,2.7.0,Android 15,Google Pixel 7a,1749537992171
385,5G,o2 - de,262,07,o2 - de,262,03,11004704,275,14962,-110,-110,-9,3500,52.3013008,7.951893,14,10.06.25,09:06:00,2.7.0,Android 15,Google Pixel 7a,1749537992171
386,4G,o2 - de,262,07,o2 - de,262,03,11004694,63,14962,-107,-107,-11,6200,52.3014751,7.9527361,13,10.06.25,09:06:02,2.7.0,Android 15,Google Pixel 7a,1749537992171
387,5G,o2 - de,262,07,o2 - de,262,03,11004704,275,14962,-109,-109,-9,3500,52.3016374,7.9535739,12,10.06.25,09:06:04,2.7.0,Android 15,Google Pixel 7a,1749537992171
388,5G,o2 - de,262,07,o2 - de,262,03,11004704,275,14962,-111,-111,-10,3500,52.3017872,7.9544265,11,10.06.25,09:06:06,2.7.0,Android 15,Google Pixel 7a,1749537992171
389,5G,o2 - de,262,07,o2 - de,262,03,11004704,275,14962,-111,-111,-10,3500,52.3019053,7.9553102,11,10.06.25,09:06:08,2.7.0,Android 15,Google Pixel 7a,1749537992171
390,5G,o2 - de,262,07,o2 - de,262,03,11003930,426,14962,-104,-104,-9,1600,52.3020017,7.9562112,12,10.06.25,09:06:10,2.7.0,Android 15,Google Pixel 7a,1749537992171
391,5G,o2 - de,262,07,o2 - de,262,03,11003930,426,14962,-105,-105,-8,1600,52.3022823,7.9593055,17,10.06.25,09:06:17,2.7.0,Android 15,Google Pixel 7a,1749537992171
392,5G,o2 - de,262,07,o2 - de,262,03,11003930,426,14962,-107,-107,-9,1600,52.3022917,7.9601968,18,10.06.25,09:06:19,2.7.0,Android 15,Google Pixel 7a,1749537992171
393,5G,o2 - de,262,07,o2 - de,262,03,11003930,426,14962,-116,-116,-9,1600,52.3023679,7.9632551,20,10.06.25,09:06:26,2.7.0,Android 15,Google Pixel 7a,1749537992171
394,4G,o2 - de,262,07,o2 - de,262,03,11001918,53,14962,-109,-109,-9,3500,52.3024477,7.9699814,33,10.06.25,09:06:41,2.7.0,Android 15,Google Pixel 7a,1749537992171
395,5G,o2 - de,262,07,o2 - de,262,03,11003905,404,14962,-107,-107,-12,6200,52.3024241,7.970938,28,10.06.25,09:06:43,2.7.0,Android 15,Google Pixel 7a,1749537992171
396,5G,o2 - de,262,07,o2 - de,262,03,11003905,404,14962,-105,-105,-11,6200,52.3024571,7.9718059,23,10.06.25,09:06:45,2.7.0,Android 15,Google Pixel 7a,1749537992171
397,5G,o2 - de,262,07,o2 - de,262,03,11003905,404,14962,-105,-105,-11,6200,52.3024954,7.9726788,16,10.06.25,09:06:47,2.7.0,Android 15,Google Pixel 7a,1749537992171
398,5G,o2 - de,262,07,o2 - de,262,03,11003905,404,14962,-105,-105,-11,6200,52.3025198,7.9735603,14,10.06.25,09:06:49,2.7.0,Android 15,Google Pixel 7a,1749537992171
399,5G,o2 - de,262,07,o2 - de,262,03,11003905,404,14962,-106,-106,-11,6200,52.3025452,7.9744326,13,10.06.25,09:06:51,2.7.0,Android 15,Google Pixel 7a,1749537992171
400,5G,o2 - de,262,07,o2 - de,262,03,11003905,404,14962,-110,-110,-13,6200,52.3025731,7.9753042,13,10.06.25,09:06:53,2.7.0,Android 15,Google Pixel 7a,1749537992171
401,5G,o2 - de,262,07,o2 - de,262,03,11003905,404,14962,-111,-111,-12,6200,52.3026072,7.9761818,13,10.06.25,09:06:55,2.7.0,Android 15,Google Pixel 7a,1749537992171
402,5G,o2 - de,262,07,o2 - de,262,03,11003905,404,14962,-111,-111,-12,6200,52.3026298,7.9770817,13,10.06.25,09:06:57,2.7.0,Android 15,Google Pixel 7a,1749537992171
403,5G,o2 - de,262,07,o2 - de,262,03,11003905,404,14962,-111,-111,-12,6200,52.3026578,7.9779931,12,10.06.25,09:06:59,2.7.0,Android 15,Google Pixel 7a,1749537992171
404,5G,o2 - de,262,07,o2 - de,262,03,11003905,404,14962,-110,-110,-13,6200,52.3026815,7.9788778,11,10.06.25,09:07:01,2.7.0,Android 15,Google Pixel 7a,1749537992171
405,5G,o2 - de,262,07,o2 - de,262,03,11003905,404,14962,-111,-111,-15,6200,52.302705,7.9797649,11,10.06.25,09:07:03,2.7.0,Android 15,Google Pixel 7a,1749537992171
406,5G,o2 - de,262,07,o2 - de,262,03,11003905,404,14962,-114,-114,-16,6200,52.3027293,7.9806506,11,10.06.25,09:07:05,2.7.0,Android 15,Google Pixel 7a,1749537992171
407,5G,o2 - de,262,07,o2 - de,262,03,11003905,404,14962,-114,-114,-16,6200,52.3027586,7.981512,11,10.06.25,09:07:07,2.7.0,Android 15,Google Pixel 7a,1749537992171
408,5G,o2 - de,262,07,o2 - de,262,03,11125762,197,14962,-112,-112,-15,6200,52.3027837,7.9823636,11,10.06.25,09:07:09,2.7.0,Android 15,Google Pixel 7a,1749537992171
409,5G,o2 - de,262,07,o2 - de,262,03,11125762,197,14962,-110,-110,-14,6200,52.302809,7.9832388,11,10.06.25,09:07:11,2.7.0,Android 15,Google Pixel 7a,1749537992171
410,5G,o2 - de,262,07,o2 - de,262,03,11125762,197,14962,-110,-110,-12,6200,52.3028352,7.9840943,10,10.06.25,09:07:13,2.7.0,Android 15,Google Pixel 7a,1749537992171
411,5G,o2 - de,262,07,o2 - de,262,03,11125762,197,14962,-110,-110,-12,6200,52.3028589,7.984959,9,10.06.25,09:07:15,2.7.0,Android 15,Google Pixel 7a,1749537992171
412,5G,o2 - de,262,07,o2 - de,262,03,11125762,197,14962,-108,-108,-12,6200,52.3028854,7.9858252,9,10.06.25,09:07:17,2.7.0,Android 15,Google Pixel 7a,1749537992171
413,5G,o2 - de,262,07,o2 - de,262,03,11125762,197,14962,-107,-107,-10,6200,52.3029359,7.987111,8,10.06.25,09:07:20,2.7.0,Android 15,Google Pixel 7a,1749537992171
414,5G,o2 - de,262,07,o2 - de,262,03,11125762,197,14962,-101,-101,-10,6200,52.3029746,7.9879489,8,10.06.25,09:07:22,2.7.0,Android 15,Google Pixel 7a,1749537992171
415,5G,o2 - de,262,07,o2 - de,262,03,11125762,197,14962,-95,-95,-9,6200,52.3029973,7.9887699,8,10.06.25,09:07:24,2.7.0,Android 15,Google Pixel 7a,1749537992171
416,5G,o2 - de,262,07,o2 - de,262,03,11125762,197,14962,-95,-95,-10,6200,52.3030231,7.9896318,9,10.06.25,09:07:26,2.7.0,Android 15,Google Pixel 7a,1749537992171
417,5G,o2 - de,262,07,o2 - de,262,03,11125762,197,14962,-100,-100,-11,6200,52.3030594,7.9905137,9,10.06.25,09:07:28,2.7.0,Android 15,Google Pixel 7a,1749537992171
418,5G,o2 - de,262,07,o2 - de,262,03,11125762,197,14962,-100,-100,-11,6200,52.3030934,7.9913767,9,10.06.25,09:07:30,2.7.0,Android 15,Google Pixel 7a,1749537992171
419,5G,o2 - de,262,07,o2 - de,262,03,11125762,197,14962,-97,-97,-9,6200,52.3031159,7.9922226,10,10.06.25,09:07:32,2.7.0,Android 15,Google Pixel 7a,1749537992171
420,5G,o2 - de,262,07,o2 - de,262,03,11125762,197,14962,-108,-108,-12,6200,52.3031232,7.9930469,11,10.06.25,09:07:34,2.7.0,Android 15,Google Pixel 7a,1749537992171
421,5G,o2 - de,262,07,o2 - de,262,03,11125798,447,14962,-107,-107,-12,300,52.3031113,7.9938497,12,10.06.25,09:07:36,2.7.0,Android 15,Google Pixel 7a,1749537992171
422,5G,o2 - de,262,07,o2 - de,262,03,11001894,65,14962,-117,-117,-16,300,52.3030811,7.9946625,13,10.06.25,09:07:38,2.7.0,Android 15,Google Pixel 7a,1749537992171
423,5G,o2 - de,262,07,o2 - de,262,03,11125762,197,14962,-101,-101,-11,6200,52.3030288,7.9954925,12,10.06.25,09:07:40,2.7.0,Android 15,Google Pixel 7a,1749537992171
424,5G,o2 - de,262,07,o2 - de,262,03,11125762,197,14962,-101,-101,-11,6200,52.3029647,7.9963104,11,10.06.25,09:07:42,2.7.0,Android 15,Google Pixel 7a,1749537992171
425,5G,o2 - de,262,07,o2 - de,262,03,11125762,197,14962,-100,-100,-11,6200,52.302877,7.9971344,10,10.06.25,09:07:44,2.7.0,Android 15,Google Pixel 7a,1749537992171
426,5G,o2 - de,262,07,o2 - de,262,03,11125762,197,14962,-102,-102,-12,6200,52.3027677,7.9979533,9,10.06.25,09:07:46,2.7.0,Android 15,Google Pixel 7a,1749537992171
427,5G,o2 - de,262,07,o2 - de,262,03,11125762,197,14962,-102,-102,-12,6200,52.3026476,7.9987569,9,10.06.25,09:07:48,2.7.0,Android 15,Google Pixel 7a,1749537992171
428,5G,o2 - de,262,07,o2 - de,262,03,11002883,349,14962,-101,-101,-14,6200,52.3025112,7.9995369,9,10.06.25,09:07:50,2.7.0,Android 15,Google Pixel 7a,1749537992171
429,5G,o2 - de,262,07,o2 - de,262,03,11002883,349,14962,-101,-101,-14,6200,52.3023678,8.0003056,9,10.06.25,09:07:52,2.7.0,Android 15,Google Pixel 7a,1749537992171
430,5G,o2 - de,262,07,o2 - de,262,03,11002883,349,14962,-89,-89,-9,6200,52.3022001,8.001091,9,10.06.25,09:07:54,2.7.0,Android 15,Google Pixel 7a,1749537992171
431,5G,o2 - de,262,07,o2 - de,262,03,11002883,349,14962,-94,-94,-9,6200,52.3020164,8.001864,9,10.06.25,09:07:56,2.7.0,Android 15,Google Pixel 7a,1749537992171
432,5G,o2 - de,262,07,o2 - de,262,03,11002883,349,14962,-94,-94,-9,6200,52.3018328,8.0026134,9,10.06.25,09:07:58,2.7.0,Android 15,Google Pixel 7a,1749537992171
433,5G,o2 - de,262,07,o2 - de,262,03,11002883,349,14962,-80,-80,-10,6200,52.3016336,8.0033684,9,10.06.25,09:08:00,2.7.0,Android 15,Google Pixel 7a,1749537992171
434,5G,o2 - de,262,07,o2 - de,262,03,11002883,349,14962,-83,-83,-10,6200,52.3014265,8.0041208,10,10.06.25,09:08:02,2.7.0,Android 15,Google Pixel 7a,1749537992171
435,5G,o2 - de,262,07,o2 - de,262,03,11002883,349,14962,-82,-82,-10,6200,52.3012163,8.0048404,10,10.06.25,09:08:04,2.7.0,Android 15,Google Pixel 7a,1749537992171
436,5G,o2 - de,262,07,o2 - de,262,03,11002881,350,14962,-78,-78,-9,6200,52.3009936,8.0055639,10,10.06.25,09:08:06,2.7.0,Android 15,Google Pixel 7a,1749537992171
437,5G,o2 - de,262,07,o2 - de,262,03,11002881,350,14962,-78,-78,-9,6200,52.3007507,8.0062583,10,10.06.25,09:08:08,2.7.0,Android 15,Google Pixel 7a,1749537992171
438,5G,o2 - de,262,07,o2 - de,262,03,11002905,75,14962,-81,-81,-7,1600,52.3004856,8.0069468,10,10.06.25,09:08:10,2.7.0,Android 15,Google Pixel 7a,1749537992171
439,5G,o2 - de,262,07,o2 - de,262,03,11002905,75,14962,-93,-93,-12,1600,52.3002102,8.007604,10,10.06.25,09:08:12,2.7.0,Android 15,Google Pixel 7a,1749537992171
440,5G,o2 - de,262,07,o2 - de,262,03,11002905,75,14962,-99,-99,-11,1600,52.2999193,8.0082356,10,10.06.25,09:08:14,2.7.0,Android 15,Google Pixel 7a,1749537992171
441,5G,o2 - de,262,07,o2 - de,262,03,11002905,75,14962,-99,-99,-11,1600,52.2995986,8.0088457,9,10.06.25,09:08:16,2.7.0,Android 15,Google Pixel 7a,1749537992171
442,5G,o2 - de,262,07,o2 - de,262,03,11002905,75,14962,-99,-99,-11,1600,52.2992763,8.0094347,9,10.06.25,09:08:18,2.7.0,Android 15,Google Pixel 7a,1749537992171
443,5G,o2 - de,262,07,o2 - de,262,03,10982187,347,14962,-104,-104,-13,1600,52.2989581,8.0100325,9,10.06.25,09:08:20,2.7.0,Android 15,Google Pixel 7a,1749537992171
444,5G,o2 - de,262,07,o2 - de,262,03,10982187,347,14962,-105,-105,-12,1600,52.2986487,8.010641,9,10.06.25,09:08:22,2.7.0,Android 15,Google Pixel 7a,1749537992171
445,5G,o2 - de,262,07,o2 - de,262,03,10982187,347,14962,-102,-102,-10,1600,52.2983443,8.01126,9,10.06.25,09:08:24,2.7.0,Android 15,Google Pixel 7a,1749537992171
446,5G,o2 - de,262,07,o2 - de,262,03,10982187,347,14962,-99,-99,-9,1600,52.2980426,8.011876,9,10.06.25,09:08:26,2.7.0,Android 15,Google Pixel 7a,1749537992171
447,5G,o2 - de,262,07,o2 - de,262,03,10982187,347,14962,-99,-99,-9,1600,52.2977437,8.0124993,9,10.06.25,09:08:28,2.7.0,Android 15,Google Pixel 7a,1749537992171
448,5G,o2 - de,262,07,o2 - de,262,03,10982187,347,14962,-101,-101,-11,1600,52.2974532,8.0130986,9,10.06.25,09:08:30,2.7.0,Android 15,Google Pixel 7a,1749537992171
449,5G,o2 - de,262,07,o2 - de,262,03,10982187,347,14962,-108,-108,-13,1600,52.2971606,8.0137103,9,10.06.25,09:08:32,2.7.0,Android 15,Google Pixel 7a,1749537992171
450,5G,o2 - de,262,07,o2 - de,262,03,10982187,347,14962,-111,-111,-13,1600,52.2968632,8.0143309,9,10.06.25,09:08:34,2.7.0,Android 15,Google Pixel 7a,1749537992171
451,5G,o2 - de,262,07,o2 - de,262,03,10982187,347,14962,-106,-106,-9,1600,52.2965659,8.0149568,9,10.06.25,09:08:36,2.7.0,Android 15,Google Pixel 7a,1749537992171
452,5G,o2 - de,262,07,o2 - de,262,03,10982187,347,14962,-106,-106,-10,1600,52.2962705,8.015577,9,10.06.25,09:08:38,2.7.0,Android 15,Google Pixel 7a,1749537992171
453,5G,o2 - de,262,07,o2 - de,262,03,10982187,347,14962,-108,-108,-12,1600,52.2959827,8.0161911,9,10.06.25,09:08:40,2.7.0,Android 15,Google Pixel 7a,1749537992171
454,5G,o2 - de,262,07,o2 - de,262,03,10982187,347,14962,-108,-108,-12,1600,52.2956942,8.0167936,9,10.06.25,09:08:42,2.7.0,Android 15,Google Pixel 7a,1749537992171
455,5G,o2 - de,262,07,o2 - de,262,03,10980121,230,14962,-100,-100,-12,1600,52.2954006,8.0173737,10,10.06.25,09:08:44,2.7.0,Android 15,Google Pixel 7a,1749537992171
456,5G,o2 - de,262,07,o2 - de,262,03,10982187,347,14962,-98,-98,-10,1600,52.2951069,8.0179424,10,10.06.25,09:08:46,2.7.0,Android 15,Google Pixel 7a,1749537992171
457,5G,o2 - de,262,07,o2 - de,262,03,10982187,347,14962,-102,-102,-10,1600,52.2948131,8.0185237,10,10.06.25,09:08:48,2.7.0,Android 15,Google Pixel 7a,1749537992171
458,5G,o2 - de,262,07,o2 - de,262,03,10982187,347,14962,-102,-102,-10,1600,52.2945158,8.0191182,10,10.06.25,09:08:50,2.7.0,Android 15,Google Pixel 7a,1749537992171
459,5G,o2 - de,262,07,o2 - de,262,03,10982187,347,14962,-105,-105,-10,1600,52.2942251,8.0197141,10,10.06.25,09:08:52,2.7.0,Android 15,Google Pixel 7a,1749537992171
460,5G,o2 - de,262,07,o2 - de,262,03,10982187,347,14962,-97,-97,-12,1600,52.2939339,8.0203171,11,10.06.25,09:08:54,2.7.0,Android 15,Google Pixel 7a,1749537992171
461,5G,o2 - de,262,07,o2 - de,262,03,10980121,230,14962,-94,-94,-10,1600,52.2936468,8.0209125,11,10.06.25,09:08:56,2.7.0,Android 15,Google Pixel 7a,1749537992171
462,5G,o2 - de,262,07,o2 - de,262,03,10982186,472,14962,-93,-93,-12,1600,52.2933665,8.0214965,11,10.06.25,09:08:58,2.7.0,Android 15,Google Pixel 7a,1749537992171
463,5G,o2 - de,262,07,o2 - de,262,03,10982186,472,14962,-93,-93,-12,1600,52.2929491,8.0223478,12,10.06.25,09:09:01,2.7.0,Android 15,Google Pixel 7a,1749537992171
464,5G,o2 - de,262,07,o2 - de,262,03,10982186,472,14962,-91,-91,-7,1600,52.292538,8.0231842,11,10.06.25,09:09:04,2.7.0,Android 15,Google Pixel 7a,1749537992171
465,5G,o2 - de,262,07,o2 - de,262,03,10982186,472,14962,-91,-91,-7,1600,52.2921292,8.0240261,11,10.06.25,09:09:07,2.7.0,Android 15,Google Pixel 7a,1749537992171
466,5G,o2 - de,262,07,o2 - de,262,03,10982186,472,14962,-96,-96,-10,1600,52.2917026,8.0248733,11,10.06.25,09:09:10,2.7.0,Android 15,Google Pixel 7a,1749537992171
467,5G,o2 - de,262,07,o2 - de,262,03,10982186,472,14962,-98,-98,-10,1600,52.2912758,8.0257293,11,10.06.25,09:09:13,2.7.0,Android 15,Google Pixel 7a,1749537992171
468,5G,o2 - de,262,07,o2 - de,262,03,10982186,472,14962,-98,-98,-10,1600,52.2909902,8.0263129,11,10.06.25,09:09:15,2.7.0,Android 15,Google Pixel 7a,1749537992171
469,5G,o2 - de,262,07,o2 - de,262,03,10982186,472,14962,-98,-98,-10,1600,52.2905791,8.0271645,11,10.06.25,09:09:18,2.7.0,Android 15,Google Pixel 7a,1749537992171
470,5G,o2 - de,262,07,o2 - de,262,03,12230953,47,14962,-99,-99,-12,1600,52.2901593,8.0280144,11,10.06.25,09:09:21,2.7.0,Android 15,Google Pixel 7a,1749537992171
471,5G,o2 - de,262,07,o2 - de,262,03,12230953,47,14962,-105,-105,-13,1600,52.2897525,8.0288532,11,10.06.25,09:09:24,2.7.0,Android 15,Google Pixel 7a,1749537992171
472,5G,o2 - de,262,07,o2 - de,262,03,12230953,47,14962,-100,-100,-9,1600,52.289333,8.029677,11,10.06.25,09:09:27,2.7.0,Android 15,Google Pixel 7a,1749537992171
473,5G,o2 - de,262,07,o2 - de,262,03,12230953,47,14962,-92,-92,-9,1600,52.2889256,8.0304974,11,10.06.25,09:09:30,2.7.0,Android 15,Google Pixel 7a,1749537992171
474,5G,o2 - de,262,07,o2 - de,262,03,10981147,24,14962,-101,-101,-10,1600,52.2885121,8.031322,11,10.06.25,09:09:33,2.7.0,Android 15,Google Pixel 7a,1749537992171
475,5G,o2 - de,262,07,o2 - de,262,03,12230953,47,14962,-93,-93,-8,1600,52.2882243,8.0318961,11,10.06.25,09:09:35,2.7.0,Android 15,Google Pixel 7a,1749537992171
476,5G,o2 - de,262,07,o2 - de,262,03,12230953,47,14962,-103,-103,-13,1600,52.2878179,8.0327188,11,10.06.25,09:09:38,2.7.0,Android 15,Google Pixel 7a,1749537992171
477,5G,o2 - de,262,07,o2 - de,262,03,12230954,429,14962,-102,-102,-11,1600,52.2874004,8.0335375,11,10.06.25,09:09:41,2.7.0,Android 15,Google Pixel 7a,1749537992171
478,5G,o2 - de,262,07,o2 - de,262,03,12230954,429,14962,-101,-101,-10,1600,52.2869734,8.0343813,11,10.06.25,09:09:44,2.7.0,Android 15,Google Pixel 7a,1749537992171
479,5G,o2 - de,262,07,o2 - de,262,03,12230954,429,14962,-109,-109,-11,1600,52.2865574,8.0352243,11,10.06.25,09:09:47,2.7.0,Android 15,Google Pixel 7a,1749537992171
480,5G,o2 - de,262,07,o2 - de,262,03,10981122,292,14962,-108,-108,-13,6200,52.2861679,8.0360024,11,10.06.25,09:09:50,2.7.0,Android 15,Google Pixel 7a,1749537992171
481,5G,o2 - de,262,07,o2 - de,262,03,10981122,292,14962,-107,-107,-13,6200,52.2857809,8.0367756,11,10.06.25,09:09:53,2.7.0,Android 15,Google Pixel 7a,1749537992171
482,5G,o2 - de,262,07,o2 - de,262,03,10981122,292,14962,-102,-102,-11,6200,52.2853868,8.0375626,11,10.06.25,09:09:56,2.7.0,Android 15,Google Pixel 7a,1749537992171
483,5G,o2 - de,262,07,o2 - de,262,03,10981158,160,14962,-108,-108,-10,300,52.2850025,8.0383295,11,10.06.25,09:09:59,2.7.0,Android 15,Google Pixel 7a,1749537992171
484,5G,o2 - de,262,07,o2 - de,262,03,10981158,160,14962,-108,-108,-10,300,52.284631,8.0390869,11,10.06.25,09:10:02,2.7.0,Android 15,Google Pixel 7a,1749537992171
485,5G,o2 - de,262,07,o2 - de,262,03,10979623,245,14962,-99,-99,-9,300,52.2842503,8.0398222,10,10.06.25,09:10:05,2.7.0,Android 15,Google Pixel 7a,1749537992171
486,5G,o2 - de,262,07,o2 - de,262,03,10979623,245,14962,-85,-85,-10,300,52.2837448,8.0408331,10,10.06.25,09:10:09,2.7.0,Android 15,Google Pixel 7a,1749537992171
487,5G,o2 - de,262,07,o2 - de,262,03,10979623,245,14962,-93,-93,-6,300,52.2833566,8.0415828,10,10.06.25,09:10:12,2.7.0,Android 15,Google Pixel 7a,1749537992171
488,5G,o2 - de,262,07,o2 - de,262,03,10979623,245,14962,-91,-91,-7,300,52.2830007,8.0422282,10,10.06.25,09:10:15,2.7.0,Android 15,Google Pixel 7a,1749537992171